traceID,behavior_label
2f352baa680506a1b17eef9af7934d2e,ransomware
54749129918b5eab9f9d1cfa38a85e87,ransomware
65a0ee1b70a89b1c99b17d71246b4398,ransomware
94e5263336639a758acd1ad285aa736e,ransomware
b7bb10242aa0a1403d3b6194ebc04f62,ransomware
be2fbace258088e20e72478630c2aea6,ransomware
e5dc2d880d2300c947d272500bfa6950,ransomware
fd20a9b23a51f578ad7f4c798ff60f3b,ransomware
39c74636e6bf8743ad1272e0ee0e25fd,ransomware
e9405959f33e7b5ebce96309719ce365,ransomware
e3b428badc1308fdc3d5720ae6db5593,ransomware
ecaaa3b612f6f7693ab08dc9f60748ce,ransomware
04ab1e25240beff6690b353dbd94badd,troijan
456705c24c0217292d66899197eb5173,troijan
47f2817e6c27c75f043c53dfc579656f,troijan
5c03c9b2b6ca1fb7bbf642a5327d8e38,troijan
683745a2baef7f98650a62a6f1124491,troijan
aa8bb38388a4a3cc7c118fd234d9c5bf,troijan
f7e738b66cce95426b1365786b5437a2,troijan
61178c8cfa8079c2a3daf2ecce573413,troijan
cb4a461b7ae218555eb3976ec75c327b,troijan
499556e5551c8c892b4365e61a9251f2,troijan
cb88bcfb2cb584dde13470722699dce5,troijan
306640fe93c4382da5a93599f87d4274,troijan
3135282ecc8bed56de9a50ec12bcdf9b,troijan
69843a3810ec4da72be0928796ab3dd2,troijan
04d33f4bb14bcfd5dac6ad42368dc7ed,infostealer
09caf499d042fcc1aae1ac8ab8a0cc00,infostealer
192b9e2cc51235721c21be58946aea60,infostealer
47985e639e852be820371039ff12b188,infostealer
843deb7919e71f5192c5af27afe20e7d,infostealer
9aa66879dc238d5c4f7ef1a2e90f2f1b,infostealer
b97c2a76a0407b86ceab5531ac9cd9b3,infostealer
c315b499fc55e11e85e84435dc69aecb,infostealer
d5a31495ca865f19fce1dd6bdc30c321,infostealer
000ee45b686d3586c03a947590b731b4,infostealer
01dea7ebd8e835ae53a0718e686fd681,infostealer
06b4d62ad37740aba1cce0dca5776d5f,infostealer
152825e73789fbe9e6fb499237471549,infostealer
1c9b4623aa5f72567b2e742fd42c7080,infostealer
1ebcf2b7bb743e5fac5009dee415fccc,infostealer
2fe673ed75dacc1e132ae7c1fc0d3c27,infostealer
35e9967a12c56082a546cf07bb2da4cc,infostealer
4755579b0a98c9acc243fffd9d94ae0f,infostealer
499453e81f9f521d3238f27cedc42c03,infostealer
4c9779e1c6d06ea7c801f9cf0f2183be,infostealer
4da73f21f27aee29db72b6e0e27871c2,infostealer
4ddf43c0603a17dda5f9e07a0b704b12,infostealer
4e89c160bf02433ab71c27acf6eecac5,infostealer
50cd344b1defad5f90872ee7d88a875b,infostealer
553304ca7dd10fa818b7ffb7aa8200d7,infostealer
5c80f6dfcb92d4d28fad15e4ba89f097,infostealer
5e22cfa36502395adb0d7203b365f832,infostealer
6467b140f1347655222bf8d27f28ffed,infostealer
66672f29dea9b1cb7040a04a28911fcd,infostealer
7217abfc3c6fb077b27eb354971ad81a,infostealer
74d9de4f960523a9422257a3b530f06b,infostealer
76a22cd818d6d9d22b5a2bb94f1c769a,infostealer
776a2b314c39bbf6bd641c1ea02f217c,infostealer
77da87716445ff05c310e2ae7c8b002c,infostealer
7cc0329413e840ca32622079681ae462,infostealer
90a89681ca38d0049fa6602e4a66b843,infostealer
9cd241f2600b533033b45fea0ecf2bf7,infostealer
c55d1351b5c4f3478cc96dbb6381d269,infostealer
ca0b1ea47f050566d4772db8912c7722,infostealer
db54e935c2094b704950ec55b83b6767,infostealer
dd52e8b6aaa011bed425d06becd534c2,infostealer
ded6a08ebfad6c236cb4a1a1ade55b80,infostealer
deeec90f7fc38818887988610b915386,infostealer
f8c6b6fd0799deb60966bee85f4074b4,infostealer
117bbc69a89ee84643e59f40ebe1a881,RAT
866553cef5f719333ec00593c3a9d455,RAT
ab4eb9e22429afdbdf9c3d3059808704,RAT
c3647b737986bb3957e0f77da3771588,RAT
eeb13f215eaebb6f705efa441268ae95,RAT
0154eed43b691426d642bece8d083541,RAT
029523c9a1647753e5bc2cefe005dd9d,RAT
0507c3e231be7387c01ae5157e950f34,RAT
066359dfbf8860ba036de8c821b5c7d8,RAT
0b9700d7a7998d2edae3b0e3520a1a66,RAT
0d6d4785dcf9e1e4ed0a69fe1c4e4b10,RAT
0f9cf22cc9025dad42b0b811d4a836b3,RAT
11a6dc87bd62edb69125099af4d146de,RAT
14288ae8f6fd7ce2f8eb1c53431780e7,RAT
1d9f455e24f3df39acb8844e7b748746,RAT
1fc341a54b87df453ee30c2653e9dbf1,RAT
22d856c072ee4f66292289473d260abe,RAT
24e57bda352dca6237d60d0dd78b8430,RAT
26bad1dc83c71bfc171a6d812da96cc1,RAT
274ee0ac670cd21664042389114293d6,RAT
2895ba9af6bdb2b634be3fbed31aaaf7,RAT
2a33acd7880e03c9d1eb116f518113a7,RAT
2bf418227fa20507117685739ecd70c7,RAT
2c4c6c784e32b8c4abd926a2666901e0,RAT
2d52b84a36bfdea08cb5aaccb74f7551,RAT
3081299db6011173e7c3850ecfe6f8db,RAT
313029a3c4d20fd154d01821210ab800,RAT
339f4fec096b579055020e56bd7d6849,RAT
351a4dd83547df49f4194ba8e4629d31,RAT
38c82e633829e23d160ae879ea50436a,RAT
3bcd09b212eafeb0d269225409f8ec57,RAT
3d17cac30b82147be7d398ceebda292f,RAT
3f3c11039c87a1c926cfb75d634b2e68,RAT
40995644f4dfb1e15f58bb21044c6408,RAT
49d1a7171119239c2c381f841db65744,RAT
4c12f6525786ef64235e47111af17f3d,RAT
51b16b6215699cd6cff5129ccf9556ee,RAT
537c7a74e896ca8350246605fca54b4e,RAT
554ea0ec49677de743bfa40dacf9b3b4,RAT
56aa4daa68dc00902c9e96ecbd367000,RAT
57696ce4b8fc7be6669a26eea5b3d170,RAT
5a33a5362d5b984016808521e86b4981,RAT
5a3c49347c8c36f81fbe10639498b747,RAT
5bfd12f1e545759ff0e9f61a58354688,RAT
5dfc437f19271769f3433d38eb0fba85,RAT
61950ebe6d6255d8abf1b2a709d9ea10,RAT
6c74e7b76ea54366af289025a594c1fa,RAT
6e7fad048ae4ca52be34b30e811687ef,RAT
716e4b1631d5a3eeac0ae6628a70ffee,RAT
71b4748ac027d3821f0700eb86ba64a8,RAT
7346a14c8c929657e1f8f4785c6be36c,RAT
75f93ea3c1aa53c21031fdb0d3ac17f5,RAT
76afd0bf468aea76be0a07a90c9c4446,RAT
802f779524eb2b493474f95594367a22,RAT
834a1729d3ccda7f7659f63a7edb0c51,RAT
8534cbf00427f935f009562df729e368,RAT
883ba82a553dbcdb18f6f597de888b7c,RAT
8b209f775a1c4c3ae61450ae9c855615,RAT
91981ed9ed340387714c4f9acc959ad5,RAT
92e75286fbc7c42f3603e864bbc707c0,RAT
95b991a41791e623cbb9a4152cfad6c0,RAT
95f2e58ada720ef99ad0326b4c4e43d5,RAT
9610476a66d06da25c2078f01bd762ca,RAT
97cec519e8e4dc352da5f8e61c59b1cc,RAT
98df64b11d0bf20ee8df05d32e5ecd30,RAT
9d38e08a3bfb0446c49824d9aaed5d62,RAT
9e4b609b766ee8c751d61277fa622b13,RAT
a327efaa0381cb02ef766b841adee772,RAT
a8ba0760d14fff93ea817b90a4b4399d,RAT
a9ef0c13ca98a15d713ba14a0ec17bab,RAT
af4d40b343fc122df1b1291138657e50,RAT
af5f0bb92c9792979db69478a59f97c3,RAT
b117966b0c715a6c0c6f1e03bde755dd,RAT
b8e56b82c15cd8d7dce533407b01c2ca,RAT
cdc76e000099771707b857e3e290bd61,RAT
d39b00b6862d415ecd8d1e7c4a2604d7,RAT
d5801f2c7ce1733032422cdac25fae2a,RAT
e2c3e45a63e2573cff6bb0eb4e62435d,RAT
e7585b147debea8d4df0bb34881c9313,RAT
e8a334f88d322a5218ea5a58acc77752,RAT
ea56daf053b7232ab3e420882e5fadde,RAT
eb53b7f490a7d59c203e77741c01ead4,RAT
ed9fa40e5f31cd58da0f001236c3c0ac,RAT
ee1469d3f0c3b170c5dd04fc420d7646,RAT
efc3588dfd4d956961752ff130736023,RAT
f39f5120733f6ae859d2c73abb111378,RAT
f556fe9504eb770092a613cc6c856974,RAT
f6730ccfe7d4bde6e0fd65a68d16ccf8,RAT
f77915e45b8483ca4bff304c5d0c9d75,RAT
f9716548156f55ec098ecf30ae8beecb,RAT
f9f9590d7106fe01d490124e82d087fd,RAT
fbdc927519c3a2b9fc751819e0bdf4bd,RAT
feff8137f97aa2e21e6c4c5b19cc6154,RAT
ff0f7637b755e148cc533e409ba70258,RAT
ffb7b5cd87413e4d51c2156ab6e8a31a,RAT
00d4a2869eddc06e068d1eabf5e443c6,RAT
056fe3ab2c78f168a450dffcefbb219a,RAT
06fb9485c6e1bfcf4a75be249b363c0f,RAT
205f4cf1c1ad100a71aec2e495292b80,RAT
2b0e76325bbbd7c0695ef401bbb5913a,RAT
2dc3df71956c131217219fca1b2cd48a,RAT
2f4e7077a30a9ad946ff289eb266c496,RAT
3288012a60c75a075f682b85439c6ef7,RAT
441c222fde51c54b8bae6f4bc09c239b,RAT
44aae231bf1d831fc2e20efcf7d369fc,RAT
5041afd2c9fd94a67161b21b8cd37609,RAT
5fdc94c9fa3f83ad40f5b8742dbda4a6,RAT
614320d41615d60031facae8b099fbab,RAT
644bdca8555bceb2091f2a6f8e2018d4,RAT
682fb135d1802a2b96088e6d48305f45,RAT
6ac9f28f6194bd1550dc4cd4399f4a61,RAT
6e7832c1e85560152c311d6ac0cbf176,RAT
706cfd342b1ca6425845e8f079709b4c,RAT
767f40a58cc77a43fcf34b4b4ddc76cc,RAT
7a081fa19f70d2c59984f79d6a78e123,RAT
7de32157db296d4adb16e60b4db327bd,RAT
801112133bfbf33113ecd76b89a68329,RAT
82f48656d023ddb2245de3d1299810f8,RAT
842385f8b4330d09418d565081192ce2,RAT
8bbd4478dbff006c74c824083219fd83,RAT
8ec382694dec1d9940fae8c93a4095ac,RAT
8f9b2120b241040ff14af75dbd949cdb,RAT
91a6b9875322d9a0a18fa8c9ed0dfa1f,RAT
9e307c9fe30ff1884ed0965ee3caf549,RAT
9ec5861c925846d1b6245a7b2728b787,RAT
a7c6cd8f3986b0eb9d8018d6f3ab87c3,RAT
ac57bf871a3a57a15ee6d7ce830d861f,RAT
af2f5600136f8eedbb0e7d71da06b0d5,RAT
b272431dfb206c3207eb1aa4b2a7d5a0,RAT
b2b4ad77758b8a7e11332c0ebda6cfc9,RAT
b2bfed1273dd9c16578049a332da2500,RAT
b36fbd9f78df7ffd3f4324377e2bca65,RAT
b861108f4a2b8421a5184bfd113bfa1e,RAT
be5c2da93fbd984ead557f6d12768f01,RAT
bf9d5163f49b01568ed6525a03e86bf6,RAT
cb1b5130b1672cb1fde639fe0ab6fa95,RAT
d05ba33b6eda9c0017c1542b98f09a35,RAT
d13667e8e393c6e824da6894abd66ffd,RAT
d2bdb6abed05edc40ab22881421ac873,RAT
e045bfcaf1a5dbc0852ca29f36ff637b,RAT
e428e9b915cf373a4a78b1a7663495c4,RAT
ee056ad6c3e5735e5fd09c2c83b9efef,RAT
f4e1d98ce0a5fae404c7479a58bf526c,RAT
faf59cd7cf67c3443d4a75e2a25fe318,RAT
ff223bc53d2e74596280f5e0387ae21d,RAT
7a0afeadcd2603c1a8c231c5bd097d88,RAT
a93b6623689f7d5eb653c51cdb82b1b5,RAT
fe02d0af3f57e7bf4944add1040e405e,RAT
2f6d55d8241bcff6e1dee676487ad8ce,RAT
3b3921e8d737d0a4975d6044d72044a7,RAT
e4596cf6dd82f3eee76d3b17032fc816,RAT
0fe8bb2e7023869d205e17fd7c8e4029,RAT
b45526f23888fbda5b9a8644b657ef8e,RAT
1c48329975f65b4201be2ec361b918d8,worm
274f693aedc03e7c59a51f0081a3c4da,worm
311874824d8e94eb421e9c4dad154bfd,worm
34a91e5375f39fe3cdb0a07bac376270,worm
3a4394cdfe53b8cdab4bd136d1055efb,worm
57d0e9a6cad0bf76f792ca9afdd617eb,worm
63a2590bdc25f0f3dfe2e94256f423f2,worm
77d40b1d1982ea94cdd4f750553b3cb5,worm
cb37732784605a3739102d3eae3cecee,worm
045ed1e604923bb6ac58852acb241a6a,worm
05825a813de75fc2da8d6efe00877fea,worm
0ca9daf82e5f23533b2bb95852f38886,worm
0d2c8fc6741f46bcfd303c4adc2487a7,worm
0f9b07cada4f276e55ecf3691798c5fb,worm
0fc5cc35612975ca7bdda7b1e7a29a94,worm
180810049d8fd7f5cf660a27a6e53173,worm
196849d84e1406429afb96812a439cf8,worm
1ce4196f39f3920ad8ccc05ee0b667dc,worm
2087059793966b5dd0ae385d65199ce0,worm
21bb8bdd14a0f1c43b56df3d7d735b9f,worm
254d8f2b3eb0e9b4c050f67d26aba66c,worm
26b5c4f5122c58f44866c235002d3f49,worm
2d670571cd661df864e8910b954c7b1f,worm
2da7a92090bc60fd6abf7850c170349d,worm
30c8d8a2519bb2ea6630aeb7132500c0,worm
415dea6e8dff154f494836457313a333,worm
466988ce37a3b7135566f3541e379b5e,worm
47e6b3d28bb50a2005b7864975db0d6a,worm
5177866925e4c9456ba85322c9dae582,worm
564c2cf64f7375c69e54c0d0ef969d89,worm
5e8954940034c459e77337efa8480748,worm
5ee12f3de99fd96f39120b2fa532be5a,worm
60086a62e244607513e9467f424e30b5,worm
668019cd67c45d5a1adcdb1bc0f5d015,worm
68d1179bb96d15e7692903b436b85b88,worm
695ae533d679d7989c8c55a9c14ebd9a,worm
6cc334c32a727d6f10a70bbfaa65db97,worm
74311a0d9cf55883b2ad52d6f9fa1021,worm
75c81d9cf03ac22c5992dc10f7a4a140,worm
768100274a8fde818b31f26845c4724d,worm
7abd81cc2de1f17a7d1a84be80e62c26,worm
7d01bf1581f625ae25efed74f97d49a2,worm
7f6e47bef2e237372a9d768b21b8703a,worm
815485174e5e2a109f0b470fabb9afa8,worm
82212d43acf97db46ececcd1bf329f86,worm
828ee470b92293ee5c2d77625016d8ba,worm
8727c547e4ce5e26e0b7363adaa22778,worm
87ec45c98d15b2c895d7e2f9544ba80f,worm
9328b2ea2c084b094f9dd7ff5af3ae1a,worm
964f02b36eede6ca182f8109c66a45aa,worm
9e2262711a1c7045387128e64ade313e,worm
a0001a8efe5764d3f03c9a710f47be36,worm
a626b801c8187573dd6795821b142966,worm
a6283171a403d8a454673db33b573686,worm
ac4023ea875c8db228b966603a9f0c7e,worm
b0b6328679f0f5ba8730efe528b50fdf,worm
bf38a58c36dd6f08077b078f15ebfb22,worm
c319a876bbe7d632470d270ff3ddcfec,worm
c3b333450c30292b08487fc882be3969,worm
c4bbdd0dfe973ac1d2ec964269d501c7,worm
c61d19948376390c2986e7023de091e2,worm
cb3acf3ba59abdac0213d2fd4975433c,worm
d07b6960e3921d85cddbe7abaf7199fc,worm
d1495988bb29d5fe620ada281a79a66c,worm
d6eaf4ee61f01ff116d311b5d6a8ad8c,worm
e13e5508626b548e2780b95ae3669139,worm
ed2fd2f328197718bb194b695c6d5620,worm
efac5c44bde829f02165f1b44770794d,worm
f3018dee8ec814caae05f160eab0b447,worm
ff8448b06933226de0003dc72c6d35e6,worm
