traceID,label
34d1bea48deca314264d805be560c03c,1
ade31fe3973cccc2fb0c8b8dfa821760,1
e51041615ba5f0bb07a94c8bbfd46753,1
60719bfd5ed004bf207bb7d9a0db4c46,1
d284078454aad40f73e312de24687e84,1
c9226647eb780e4e23328a9fd36096d5,1
61b7a60f9849a4f72fbdf4a196992660,1
857514b39b26c6650adf74bcdb04fb0d,1
00d164704b354a220aecf39d30c8d9cc,1
99e1ad4a20d1f91e295abbeb750196e3,1
a446837a1e1595ade0ef26c56783d325,1
f4b9b30635ad5fb4ede63039cb2f47d8,1
f684fae5e8f6140bed390b2bd82cde8c,1
57694bcdf0fefdb5f303c84d2f7fb2fe,1
c5346924ec250eadd20b49aaee2bfe25,1
d31590fe151a7adf7f8ecf56bf86ef8b,1
1c0747bfcc190c9ff2441137f767f121,1
8c283e2cfaabaf48285dc4de3ab07774,1
1ec0ab564e775c5e2d14e793b5c6e762,1
977291db1909e451bc5af3ddc491ce81,1
10858a0eceb73c32001c81da0900238e,1
d2aa74ba5aa02ae07d6579e43a5454ce,1
349a4e9c889e6b98e98abdab3c863a4a,1
82c70c3966c5d2cd99fb0da8cbe5395f,1
0a014c72182425bcbc6831e0815dc80d,1
1fa32c91b745b4bae87790a40d9834dd,1
73e982dc496667eb2a47893d0eadd729,1
de03f490634001da12b31fab7718e045,1
e18a82fdccdca31e5a2c777cee6aee9d,1
e8462e867414bd2ec1cc791b10f8f53d,1
dc82fcbc777578c26e7bb8d36cf9e296,1
a4d4e30b135af9028644adf4e8c1cdf1,1
abe6102af8e217a73a84af72416665b1,1
b71758057030dbfbfa64b29f60e36d0b,1
80ff1c6ab2643adf92ae7df55caed7ef,1
c7694d2ef3cb32e3dd3d70d00a60baef,1
4b37cfc8be6ce8ef9c5ffa9c7dcd8575,1
4b8c387a5cfb992f6ac6eb53f0111c3a,1
c3f4e87ac56a05c0ac7470eea826a54c,1
b98167feeb896949a518bfdf76fbb888,1
05f703c6917d50ee3fe3871e029a40f9,1
eacf17910541b5f8e1bfcc70a94e994a,1
a154b9d31025afbb0a2c4407273fa994,1
ae678a8fca2804305c9094c5fe4cdcaa,1
4ba06107d6518e485b84ca77c442137e,1
228dc7112d59c2ddf218f360fea68cea,1
1c3ccd926eab8fb20e03e442b795a74a,1
1e2dcb24c615e3efd9b31ba678ce3c8b,1
43bda29fb27f63dae74e8f693ca904da,1
3ae554cb9d177080c030d59d28829279,1
58932056097bb22d3bdbaa2cd8ec129c,1
cb45fff1d99756786eeec4022b3da9de,1
d4536f517b309998c48ba6b7ccccd936,1
407f33b672cd0587128dcf8e775d9779,1
e5efb9af863daa5b48eca2ab3a60ba59,1
ded5e26cee21fdd0e8d52c69993eec13,1
aed54bf8e4455be60f462220410544f5,1
22cb5eb6dbc97c2845f95d8601bf1eb2,1
2262eb400ec3648e8077acb4888b2653,1
d3eec503c97d7702b00147e7bbeaa6f4,1
4637180b6710ba2009116dc67ab7d126,1
c7414c0045c3cc9e66ca092ceeef1588,1
a5d0773c6bf27829d6ea7c6ba74169a7,1
09642fc2ecb50bd2d540e58cc596514d,1
7f5f74eba5628f67bdaa35597c0d57f5,1
5e095c6507d445c0119d80003cf09537,1
ab43efe1b1a5ea54f31871d3297f9e67,1
00ffce66cd8c4470ea2f614e8a2834b6,1
449c4813496a722d5b8a5d5cc3bc065f,1
da33895f82b767403fb387f0317d37c9,1
ae064f403a6da0a245790085c1edb456,1
f94c8283a53f1dd194ae9cd022f354c8,1
8a891237704a5e2d18403d4798caa5da,1
ff4b1e01326e85f5ffd96b39d8680f44,1
b1bed2539452e8f77a614c426c97797e,1
828f1508b2bee62bd2325cfd19b4fb70,1
3312b7509722d7e7fa99ab2fe2f60a68,1
903d663881efa9eeee11a63dac9c6d92,1
7f97411f5ec5250d6b99aacc790e29af,1
f50bbaa6b2c243244a1a2dc8e47b9ec0,1
079b2f66194a1119841b3e5948fe222c,1
2583ef39bfbf88069c0d496e07ecbbd3,1
d3455b36c78bb5f86b46b2697d31b9d1,1
6210dead77a3b67fcf444a6250321aab,1
7871e168e00800ec48f19ab4e5c29a7b,1
acdaea2a60d5f5924571a66cca777550,1
7a9ce34997ead9448dd55d6026f26d3c,1
6acdb19c83e056ab0ff0b8f4e253b495,1
3d5d0a386495afbe024537eb80edca45,1
57b3f6481839b09599fab50d3f0e804a,1
22f2aa5a41c6d813e28a86289f361a41,1
b0848302e13c53fc8310744ecd78248e,1
780898e147d55fc30b062ed4197c55d4,1
4affa8c97d3dfc9acbae2982b3e750ad,1
3f4601f7ffde67ca7425b440a91171b9,1
e93da12300d7c35cdcb7a29d96c5f064,1
fe0e804eb687c3be76f05ffc2876f17a,1
3ae4b453136a4fca877bd88b134b9449,1
c75020456d18b75690ac6b19f4641634,1
7c6bdde89ffdff7e6a7e45a008400298,1
42a816a04d540ad700279b5368a6aa05,1
a289b23e6e08595b6056c646b0646ab9,1
2f7f6982c6c15f4a02677387ff71d170,1
b7e77fb15738726a7d8dbb1e2c735fd1,1
0e2680941960919e1d7a6c06cd47fcd8,1
24ad37d79279da0f2160717e3d8d2e75,1
3155bb2977181a95b2f064d1025411b6,1
003779e12b318f9fc4c085fe437fdc0f,1
862e5b965c9448ed3bfd49ee1985bd18,1
494e98e5600dd5d3d7c1292d520b1144,1
9e5b13c86c486e73699fd1630487e1ce,1
0bcd73faffc468215df262bee82f8672,1
013290fb9de1a451d0b6ec0be0738f16,1
ac753e8ec10778f3bd333c00708b5202,1
7fca973d0bdee410b84f381498d6c654,1
0c91c833980c66c3cf613a3f5a0578d6,1
2a36d8d409477250b23ffd5142d146ae,1
780582a5d6be4f12ce43afbd1cb95250,1
d6922d4e1d3b5c58e6c38d26a4529895,1
9aa0f7265006b27834f5b0ff26b760b2,1
3599a70caf3baeded44c1ce5fb4ad94a,1
df04693f719634bc620826e7e35dc508,1
dba6b9ed8e4a258e51090a92dd0a63fd,1
954c0c3334d4aa43e33ebfbdca4e91ef,1
783c365fe55ddca47c9234163c1aa940,1
ff06abf42252d388a9a34bb19e44a459,1
87d091e85b574242c407e1b162f0965e,1
9e18fdd06ff6485f1030fff846ec346a,1
7e7d6f70654aa0a78dc228eba7d214df,1
2f9d6f606318b27bae45a40215d4e5af,1
95e4e6f0cd21701b588636f49577ee1b,1
59ec541cc6a64ae6ddf0e6fbe28d747d,1
1a924232e8fd6a7057f6b8debc72b391,1
47b7b49febad35393e82d69ec7eae544,1
274877949b8c3a8cf46e0d31f1ad5e97,1
fec1e70c5b643845bb218c321ce19c0f,1
c990317fe31a634f651610601679863d,1
d0dde1188845e7c58a2be372b0268215,1
c509b8a786a0ef2a908719fc6512753d,1
595b2d0ed30f6fdc881600f348302113,1
bea64792fe3b294d228d9a50a5b3231a,1
ae88bfd81f4a407681d53095ad648db0,1
525cc7d19b0203a52e17c79c568b3808,1
a061d155baf374060e53e962c2255240,1
1583114303b71635de145c8ed2ca4bda,1
a3fc19a5d66d8eba1ead7c2957aca7c4,1
4a2002d7cc7af2ca10bcd6edce2bece0,1
6ed4b36464bcb7e482a00d2560830160,1
57f44f96adce71ce33a153e589c0cf51,1
b910e68fc64b3206b28b994ff0761265,1
5c8bcf82a70414393249648bed77b997,1
94059b2b6cfc0ccb480f2fa9485fd54d,1
52e61dec18d76d71aba8fdf08c994651,1
844ba285ba51902bf128adcd47279305,1
c177c8435c5513d4a49f1de19b6ee685,1
8cc66ec36eab802e24fd1f886758bf59,1
08cf233d4b4dcfcf3cea2772fba52d85,1
220218be3cc7673e8a6c50bcf61eab33,1
c2627e8abbed2c9a450036f04d5a1d73,1
b81a8677d583d682ae6016186452cf93,1
61a26c4aeaee48a6b4594c5d92c869b9,1
68bf08d5bea651302c9f8ccd5b8af9c0,1
462d7d7d4185818be5b8386cf30b4518,1
fde5ffd13a052a15765cc810f6935736,1
eb43a9a544ebb142e1ef0c054221c9f4,1
c0140fd0fa60ab67241ba981dcfce60f,1
dbc2d790b44a3491e1dfe657b42b1732,1
8c3306fd164ab782215abbf396bcc048,1
55d608f6c00180e4d94b0b78f39abc1c,1
51f539e2284873683669186ff07fb432,1
2581bcc7721beee62ee812be564ed701,1
9ab67becf91ec64414a7aaddc0c08cfc,1
5e5940b03be76ae94db7b219f991b657,1
b7ce81a53e8f18242b3ed3227afde9eb,1
fc0d9124e6e60ef56e70f85432d07034,1
e8dd40e58eb60c4e4025f5925f79fd54,1
6aee1f5195ab11c84f6bbdff5011b026,1
8addb9066e2bc2319e812cc299a6026e,1
04654b4c3a701bab5cc55505efbd893d,1
187502941dfcfbadb955279bbf37c752,1
f64b184e49174fbdc76f542a83949f56,1
dd3e5a7583d02ef4b8a5ca15df590915,1
21cd85d7ee334ca233a0b2376f8126a3,1
1ccb043749393cf7cfb48420e94651ab,1
c8e827a0392393f15ec5accfa3de728a,1
6d685c1211407b82a557aa096aec5d12,1
2fe4c06117245856149dc1a34409ec7a,1
e4b7f9c69709b43a044b506864c80e59,1
330bc03f615198cbdaba6e8707e5b3d3,1
c45813b78e464e4c3be9911e0a14c1bb,1
c3f3b58aa7fe9a7286279edd020f6e68,1
187111052c367c3653cc840249b643f8,1
f9d041a8f8ef1b1e36936535f9ed7aff,1
5a161ac93e13987160d1c39c4619b0cf,1
b97c3ad11bad3490d1917f7f3fdd58cd,1
35703110e29111a6bba98b35000ad4c9,1
a784d35167d29a996906992aee5e8150,1
47bc868412ddbc64c1bf1ecf123b8b62,1
133e18dc23455b4f0009a0c1f8797858,1
d17dbdb510a41c0a11c8eb3861f06025,1
3d29a4624e97418ee796d9a4366a920f,1
69f9774663672826d7cbf2acf6d9d5cb,1
d462bd3470a19a9582f617183393943c,1
13ee92ce5c669da02b9a735ce1042510,1
ba5c08e55f8f33b62dfef914d29fc145,1
15e21f493f3d81a035577c65a981c092,1
a2683ea3263ada8eb1cc36f03e919314,1
b0cecc91fb4faa9d71e0bf59d69f19ee,1
e01a8014e08fb07d6441b617ad1daa8e,1
b56ac50c7a02865242a276f202690c23,1
31fa0e766e2943b37514a5f32f14e7c9,1
39e208fd7bc6d6c456e2199dc5ba7250,1
c8771c55c194b0b579f3bed35de7ca04,1
2513a303f82af76d74eb0cf95261857e,1
17365259544ab6d308cf41f33a8ef5a0,1
89f4fad6b92240345305301ce382250a,1
8b88b4f85ba6c6b82d3c5e44af4ffa57,1
23d7725cef7352bc5652ad8d3d5713e6,1
500e27418abccae84fa6f4d04dd6aeda,1
7c3b2d0650f7295561429b416b75253f,1
7044fe6edd95edee00ac4db723d075ff,1
253e80055d8b45ac1c82a129fcd43a15,1
042f2d1295e9bbd05a70667700a96bf3,1
db600f6234b906ac9179e81aa4bbe659,1
eff8ad5b6dc8c2468a209ec87073a950,1
7a44e8669ce93c6543edd80f27957fdf,1
a3723645b86ba22d43cb62009204362b,1
051bc13d5598e84da6b85f5bfe772a9f,1
d31a33ba38b11f65718819d95383128d,1
649b0506f8e4fe6b832e1668b39ced40,1
aa1ed70df07b483b323e55bc9b10edfc,1
039cf4bae59e5aacae29a56a0dd1d0de,1
94895098a8b57e7eee7f59c428696e5d,1
7a4baa6c82a11629d5bbd4a0927589dd,1
65cd3b6d287c7fee64d8554a52b9e742,1
e515dbb7e00c4ee0dccb37530230880c,1
992afd05e9b4c650659054218cf3820d,1
e6cada612c2a9645bf7de2c99a9516b6,1
ca1a91015c6d00db4333745fdb197fb4,1
bc8f9502919badb9a3ef4676a716e7c8,1
4f352d6f22eaf245bcb0fa89bf4133c0,1
0b30925c8e876469baba224da3f8a894,1
b006e9fd3b6259e83d8af2fef64bd0e4,1
3b6fad470fb5a7e1747d9828e99b1f9d,1
5f4994d2a98abf0207f95845d64cfd91,1
b5d9e2083eb8374305334d9ec2f40728,1
5c8abefb046a19382a74242c18a8ca13,1
65070708f4b6dfbd3127b3c1ab5d1604,1
75017f5dd026c49919385141aa2ae60d,1
7d3032f894f4678346d7f4cbe13aad11,1
36e007dfa678f1f45428de5bdbad6332,1
9273fb59065ad39b4106b62527332d54,1
ea12da00536e43864d3dc3d256671362,1
a1afb178d58f0c9678bca47d09ba164b,1
1c2e21d0de5c1b2e51e66cb86b29de0e,1
c0d774afe97d5224da549e646523e8eb,1
68db1fb1ab01221b732c0d7777b67924,1
6229376bfb43d5cc0eec18c63d772734,1
f089e15d4b7692131bb795b07a6dc06b,1
c2cf81e913a80a9afae296465b5b8589,1
602becf5162ec264e16ca607e6e728c9,1
b4ec15bae92ab6bdaeb35cb9a34735c4,1
9154bd560bd2324d02358f24897c56e7,1
9ef9eec5cef98540adb25abec8c0b9f7,1
a14a783f6318a2c461ca3b78ce58dd58,1
eeac12e72bbcceb56b69fff782aa3a13,1
7d9e1ab18389f4f75f5662dccb2abd14,1
605dfb408d7946068e77035f969dca65,1
aa6a7683434f94f1c8d3637eba590b7c,1
c319e3d7d55da76c6a09a039f2291015,1
f71fdc853d7c4b28dbeffa665b93bbc7,1
6149432dfb50120abb6ad9d50577ff63,1
8c8a92eadf96797a96a2bf983d31751d,1
3239cb0f87625068701816f0c44b3d30,1
c0720a168cdbe2b63219588b0246b627,1
5865b8280e088ca29102e25b154fe57c,1
5138597ca874647c1746464f3793c681,1
372eb389499685a7377983d09c6df80c,1
a2e1a507c2c069fee4ad69d0426911cf,1
bd85f504c63d7240e9d505d259423e4b,1
40861c10e665e2b847bc6e9170e86be7,1
56aadc59d4d577e81c8140bf29e3cd8c,1
62465d36e0fd6efd2862a1fee9be9d8a,1
6627aa86dcd54314ae55ef4b8db2099a,1
6ada39885b311a2f849d83fc8f5e81fb,1
960d3439b21da4d2ebf63ad4dd2bb900,1
e777f0cfdf217c012345a708515b4438,1
219027da1f550ca6522f6ee4a2dbea8c,1
e709c2d5444cf1937bd62afe36fd7d4e,1
89d28c6e633aea995ec307997c2db280,1
5429f6157799fea7e4312cd54c0f188c,1
48727b0703e2ac3c52d806e3cb17960f,1
6a7e752d6fd59791b6b416dd6645c4be,1
7cc623966415a28373b13adb3e42f5b5,1
424b504f4b8bff84aa16130436424f8c,1
8ef6078015effa429f200ae4bc748ff9,1
8fa27adc8e68abfd9f564bac4a6404c0,1
c62c6b0e4dc2b9d3293f4adae549a1de,1
6ce02f038d53bcf0de45b0d64d124f98,1
2e1b3cc6129bfee201778b63d07b8470,1
ab9b0d5a28b3f6fcf3066e92b4baa833,1
2072a261c49df6559d26d5bce04068a9,1
80626727b57e9a869233fbe058cbb797,1
f850f2f909eba7553a4d236c3a2a6571,1
60b8867fd06935f8e4691d887edbb1d3,1
6e3181bb9e71f805fafc54db564e1865,1
94fc07ab9ea3d4affca65678426d57a8,1
5478e137d6cd98d1b62528fe01355d57,1
3fe9203d057e100895d3851bd8204f87,1
76342db1314751813ce34c8f612db577,1
89ba7f535f40a20a8d7f20043144cf34,1
c45cb025b5c5ca2c2db870b2667171c1,1
c7e48e07ed19c7ea348b964c20c838a8,1
3525fd9432983f6bd3088e8a540b8686,1
969f098eab91903d3bc6d0e2c70077aa,1
b94dfc55e2fb1348962df8c3aab07a2f,1
4cea87e7e4160a4b45e6fda6e49a14e1,1
2ca1d75c5c5936fa295225e42cdae23d,1
c5037b592ce991ef63ee5ff8bea6fb7a,1
9cd4513cddd34c98e5a944acf747a03f,1
500f3d08c0273cd1df85f38191946aaf,1
32f9ed11c90ba302cec716b791d8ed69,1
0b340e97d912ab87422283cae087eaca,1
8e8c214f97dcd55d9aee43d04fcd4392,1
138e15e4b583948061149e935bd85929,1
4609f9ebc2be53e82e31ece6cf722703,1
7b654f1ccc3e2bf21582f72679fbe171,1
953f7aa2860bf741fa65b9dab0ceae8c,1
d604d5933014ed5de0218934328da08b,1
14e20677f1c0fc3d0f36f3d870a3cbc2,1
6ea016ee3ea44117eaea9aed1f0c90da,1
f307d79d661561faf7c3ccce0f496d73,1
9ed8579e583ba2280ec8e267b7b3b260,1
58dbc31a4a6d2055673d4349a95dbc4b,1
b143c7828ae4f34e20d29df950e71e12,1
093fd17516159fd496ed692ecc0be19e,1
6775e90c50eaff6b446026b4b56d53e9,1
b1ad2012a87a16ebf03737e240ed9867,1
c8f6d5d6dd7f1afe6e5dd4916f53e036,1
c68cef2c20ba3cc40d3d4cc4c0d532ed,1
f2d6a22c2d623fb50cfc06d47558636f,1
c391671708cab25ac6cd17047be9c1c7,1
f05fb92fcc28071737c24540e183ca0a,1
0d6b27d6d2e95f5bd1b1f30c99200043,1
4f0e8bcbdea5c1a5ad7ab8896864b39c,1
6c5a71079a630f3364f2e377d56583cf,1
55a87b355972b7cc38a802439edd93fd,1
dbe93028a248710c63a27a448b7d773d,1
51079ec4d624f5c6a0a385a671b902ea,1
0b4151e124cd74e3b76ca5827d473343,1
04ee88b9a6b07e1d242ec1884470341e,1
6e80fa0fdde305fd17c7c2596a537d4e,1
4906f8490f88b8db2e9b316e5c5df67e,1
845a57d7c39baf56cd4a4bcb62bbde0b,1
ad76aa39f54fd88ad8aa15128baa0969,1
24a6ef3afd5861b18ab731fe64c98fd8,1
2ca76c9c86c0c37a6489615c289dc618,1
38950d1f21661ddd2aeabd632e6c78b9,1
74b3cfc6dfb8850af48ab3c48c5ad6e7,1
3da6c8c37b26f90452e0e869c6460d35,1
567860befac5bfae43b8d138de94adbc,1
a9b9401a28254637b45489219ec339cb,1
58254c5334037fde35f00326e7113452,1
99645cd7cd050aca60d773c85b9f0cac,1
4377e2467074ff1e9374b6126a8c7640,1
0778f71a350314760ba51ff380f24e9e,1
cce432032104108221807b3688d40a91,1
c3c32fdf705470d47b5c7c0e5fbe8e3f,1
39b78b58a4a329e6cd2dbc072b03b2fd,1
b9e4b43c401cd78eb8d4f8172edf1e9c,1
38e082b33da9a4ee78a0e6ff28af6919,1
5305c0dd44dd02b1dd2a672916325d06,1
a847c3622c9d3aa75657a4b82b3806c5,1
b0728cfc4e35d6fc96fd37dd4da19f5b,1
5886b881e1d8f9e3d25626b465184996,1
3f4543a4c0ebf14ec9eb40ad9bab032d,1
81039916e4b52feb10951306344f9e21,1
867c0d6d02c5898a98bd044b0771b658,1
aff4309a22b610528205e3dd5b840373,1
77457ecfd88f69809e5ea44655aa440d,1
ea35e321d5191728b8ed5b2bb1230557,1
87b525fb417f40b1c75678810bde13c7,1
e354891cee9029500c26b75fce594ee2,1
47608b3d5ac8c138cf8438c215a56562,1
9f3df2067f9126638ded51e1f5b11f00,1
30aba790fcbb51c90392234a5f686ace,1
23558a2b1a3003a86e12c6ee945b3874,1
dfe741db854f4372a2eaace6afa13b81,1
e94c3bf4c730173e27ab7000becfbbd7,1
ab398a6128c20600c5ce6ac2df76636d,1
01b27730b8fcb3d4f862a883fd032008,1
b651e642c2ba36fcc8be18e172c64276,1
73b8339b093d3a9a5508461df6c14b1e,1
cee8763289c28ba8506e15d2d6c7c584,1
035e4e6f07a3148ccff39924a8028a23,1
bb34138f08a85393ed397267a200e008,1
0dcd23465fe1657797d8fa513ef2241c,1
5435268029b1cba80553a74b979a5876,1
c42003bde50f8227a217ac4154ba2d31,1
6210e8489ca352d3530e6ec911fbc579,1
b56a95693531c3225de0689a6f1b0d3a,1
a308abebdac57d95618e001eb3ed626e,1
000e0007cfa8a5250e7bf2fb974f588e,1
000ee45b686d3586c03a947590b731b4,1
00d4a2869eddc06e068d1eabf5e443c6,1
00e04bdbf564c086ea57bb7b9096c2c6,1
0154eed43b691426d642bece8d083541,1
018c2a71fe72ee6b0f55d461c3d6bcde,1
01ad45cabf5ace7b7917db4dfe3ed4a5,1
01dea7ebd8e835ae53a0718e686fd681,1
024434893b7ec538495f4837b86a6484,1
024b748a4c3c284b85e2feab73282b78,1
029523c9a1647753e5bc2cefe005dd9d,1
029ccf4b86dcc7799a68b79ebf1409b9,1
02d76009d6d3109fc40548617d7649d8,1
02f9397ec5a5aea107b763d3cf68f17c,1
034eb4b1460a52a05c9c5de4041fd080,1
03b99acb0bdbb0052c7ce1c6873b9688,1
045ed1e604923bb6ac58852acb241a6a,1
045f80fc9539b6f9d89d35aa311a9806,1
04ab1e25240beff6690b353dbd94badd,1
04d33f4bb14bcfd5dac6ad42368dc7ed,1
0507c3e231be7387c01ae5157e950f34,1
05216d8ec0e00f454da67bf785ddbc05,1
056fe3ab2c78f168a450dffcefbb219a,1
05825a813de75fc2da8d6efe00877fea,1
0584e724491f2689d1d89b8c7df397b5,1
05db856ab90075fcf54ec6d46747c12b,1
05fc4d7f59d7b6f8535522ef63b9dcba,1
066136d7a1af1365d974953c581f4d83,1
066359dfbf8860ba036de8c821b5c7d8,1
06681bfac2146334eebc4bc7f7a66891,1
06b4d62ad37740aba1cce0dca5776d5f,1
06dbcac778d4ee80cbee37a40145a1be,1
06fb9485c6e1bfcf4a75be249b363c0f,1
07b9233df6d2cc48fa678bba78e9ead9,1
07eb6f9b77b5a3af0af675361dc831dc,1
09caf499d042fcc1aae1ac8ab8a0cc00,1
0a1c8bf768c727489a11aed9147edbf1,1
0acf384bf8062a87b64329e00eadb50a,1
0b54bc24f5549cdf17fe155151d1ffe9,1
0b9700d7a7998d2edae3b0e3520a1a66,1
0b9fdcde9f1f88c739de2e9a9b2af954,1
0bd3fe73a0824719581009eec8089852,1
0bd7392e0f341a405fe38d18c90580ef,1
0bf12204890357a40c7c641086790efa,1
0c44b36418acb30d432e8110e1a70a13,1
0c84e65ed9119ec6b93e8656e5eb34d7,1
0ca9daf82e5f23533b2bb95852f38886,1
0d2c8fc6741f46bcfd303c4adc2487a7,1
0d6d4785dcf9e1e4ed0a69fe1c4e4b10,1
0d7a8ca8eaba3d339dac34d3257008ba,1
0db3cab4ed5032aa879ed4307d2d4d6f,1
0ded299966f24fcce07dbcaf2a365540,1
0f893edcee89f835c876de8e7a35e852,1
0f9b07cada4f276e55ecf3691798c5fb,1
0f9cf22cc9025dad42b0b811d4a836b3,1
0fc5cc35612975ca7bdda7b1e7a29a94,1
0fe03149b014fbdeee067bc4f25f0c07,1
0fe8bb2e7023869d205e17fd7c8e4029,1
1153c9176a8036b6bc3a89a2ab6c5228,1
117bbc69a89ee84643e59f40ebe1a881,1
11a6dc87bd62edb69125099af4d146de,1
1397c5f3a9ce11c9c73ec81c99ca67ad,1
14221c4ab4803dbec74af926553ad7ef,1
14288ae8f6fd7ce2f8eb1c53431780e7,1
152825e73789fbe9e6fb499237471549,1
1571d00eabae6c7134e51099c88db122,1
15d5306be6f45143f3c7d2bbdd3ce143,1
1603a77eb27034ab635ec5e5265b8fe6,1
1615f6e96d84a2ae19f9b7dbcec5a1df,1
166b6dcdc25eefd4981b77c4ec8d6329,1
16bf3ec2651c639adcdbf64142f681ea,1
16ee03982daca0a6209806065e2acb1c,1
17bc922ed328fd5ffc573a075676e31b,1
180810049d8fd7f5cf660a27a6e53173,1
1891bbf51baad41e8de3e88f29736ce5,1
18e4aa17f0baab023c8f10e156e889c1,1
18ebba1d4c6fcb0b807bff7475872434,1
192b9e2cc51235721c21be58946aea60,1
196849d84e1406429afb96812a439cf8,1
197f5aadf022a73a2117f2fd63b414e6,1
199c30e7ebd49ecd5c5826aa166cd498,1
1ba67f46357487ae74b54c06d97a4d97,1
1bb542da1389451e1617dd776e142981,1
1c48329975f65b4201be2ec361b918d8,1
1c9b4623aa5f72567b2e742fd42c7080,1
1ce4196f39f3920ad8ccc05ee0b667dc,1
1d244fc591a28d595d70a6bfe95c56e2,1
1d827a4b02af4cff1084fbb94abef57d,1
1d8df01bca5dac5b617e7e87038a963e,1
1d9f455e24f3df39acb8844e7b748746,1
1e12a3ed97bf66b6b18dafdfdb577a89,1
1ebcf2b7bb743e5fac5009dee415fccc,1
1ee1091223bbf852f36ed7b4bee0123c,1
1fc341a54b87df453ee30c2653e9dbf1,1
202fee6c68c71ee5148b13e0620e8703,1
203bbf97f3413e0c736d95d91e6322de,1
205f4cf1c1ad100a71aec2e495292b80,1
2087059793966b5dd0ae385d65199ce0,1
219990ce59dbd268f620b555cbb062d4,1
21bb8bdd14a0f1c43b56df3d7d735b9f,1
21cc9b9f7bf19d7bce6c11746ecfdf0c,1
221aef04dcbdf7ef7cf7afa39f1df83c,1
2226e60f817ecf439348bdb648d94f04,1
22d856c072ee4f66292289473d260abe,1
22fc777565a69b77c8bd8c4202f92408,1
233025fba86aca11c66f93a702b8ee9f,1
236d6745b77491c18631808da692fd05,1
23d25c78efa848440a2d635cbfe74c59,1
23f26c839f15fe1b7f1ebebc84fd6652,1
24868725cd53a55492e4e073d0b5e017,1
24d00086184c10da7dc31dd2122d0772,1
24e57bda352dca6237d60d0dd78b8430,1
252ae81709d764c3aad3bc04d1c7e7e5,1
254d8f2b3eb0e9b4c050f67d26aba66c,1
2605447d40798f72fef3f341aa315a95,1
265c7c06e75625da5355a07951726b3f,1
26b5c4f5122c58f44866c235002d3f49,1
26bad1dc83c71bfc171a6d812da96cc1,1
273f0dee84b3387ec204b0e02c529578,1
274ee0ac670cd21664042389114293d6,1
274f693aedc03e7c59a51f0081a3c4da,1
2775166b794211f8372b055ecdc21e85,1
27e3ac03e87409fdfb5f0b36fd89cff8,1
288e1e619a791d24f6de4fba9b144a19,1
2895ba9af6bdb2b634be3fbed31aaaf7,1
28b1986aac6c72e312da5175353ce43f,1
29f5e6ea1f3921a8eef4703d1285d937,1
2a33acd7880e03c9d1eb116f518113a7,1
2a4104ef682952cfd6c39be1ca4958de,1
2b0e76325bbbd7c0695ef401bbb5913a,1
2b7136008a4a131379807de80e2030cb,1
2b8b6e4521be78a39b8de9375bd3e4e3,1
2bf418227fa20507117685739ecd70c7,1
2c4c6c784e32b8c4abd926a2666901e0,1
2c8f4dcb78005a2fcd7d52fd7c7f422c,1
2cbb2d55a8ce77058b2d8ff6d0be01ef,1
2d52b84a36bfdea08cb5aaccb74f7551,1
2d670571cd661df864e8910b954c7b1f,1
2da7a92090bc60fd6abf7850c170349d,1
2dc3df71956c131217219fca1b2cd48a,1
2eb55e6792e2279564c75dba2c850b2a,1
2f352baa680506a1b17eef9af7934d2e,1
2f4e7077a30a9ad946ff289eb266c496,1
2f6d55d8241bcff6e1dee676487ad8ce,1
2fd69650741633863cffabeda2846766,1
2fe673ed75dacc1e132ae7c1fc0d3c27,1
306640fe93c4382da5a93599f87d4274,1
3081299db6011173e7c3850ecfe6f8db,1
30c8d8a2519bb2ea6630aeb7132500c0,1
30ef290da7f05e4cbad5832da33044e9,1
311874824d8e94eb421e9c4dad154bfd,1
3128ca319e5f87375e1f014fb378e07e,1
313029a3c4d20fd154d01821210ab800,1
31322b3ebe484f4df0e759317c21e8df,1
3135282ecc8bed56de9a50ec12bcdf9b,1
3170d5b710833d8d3335287161dd4f0b,1
319778b2689dd016671adb249cd09d8c,1
31a3dd567e313d83c5776669639b3d17,1
31e064b2605db9dfa360bb043a8085b5,1
3253995d4a5ec5bb397cb371a888b150,1
3288012a60c75a075f682b85439c6ef7,1
32a76973bcaff0c2af599ad5551e94ff,1
32ad24923aed6cabe8631f14dac9d46b,1
32fd6c94e9d25701cf63fac7e72cd239,1
332abf8d8c4fea17e31cbb8ee6bc5817,1
3343232e863aa8730caa7cbcb3760e5e,1
3358937423b33db26f17ecc4740637ca,1
339f4fec096b579055020e56bd7d6849,1
33a13e210a9e41839b66c696a7fd8b0e,1
33f502eb741a59e170001c90f20f7254,1
3421bf5e6335d5f093a9023f7066e03f,1
342878e0cb5ea93285e694e52998da4a,1
34a91e5375f39fe3cdb0a07bac376270,1
34e1a2f7adbbab578e2a286c97d90e52,1
351a4dd83547df49f4194ba8e4629d31,1
35527fd8b831079b87dac8916a6ebd55,1
35b17da345f3cec6434ec7bc92d676f8,1
35e9967a12c56082a546cf07bb2da4cc,1
36a85f7009a0e3091f4cc557742a1d7f,1
3757b4da25256ed36fba39926f5436c1,1
37e22eab36df237a8592736116baa65c,1
38c82e633829e23d160ae879ea50436a,1
38f6045ca62a421d2398228df308b249,1
39c74636e6bf8743ad1272e0ee0e25fd,1
3a1ca7e90ac69c9b5e34e3bd5d457760,1
3a4394cdfe53b8cdab4bd136d1055efb,1
3ac44f72aab957112bf17ada7201a87a,1
3b3921e8d737d0a4975d6044d72044a7,1
3b735f1b8102e1b039d02c81b32e6f0a,1
3bcd09b212eafeb0d269225409f8ec57,1
3cb01be186480f30948631c4bd18d3eb,1
3d17cac30b82147be7d398ceebda292f,1
3d76d049afdfa1b3abf0104ab28fbc78,1
3e7e2751ff03776bc73c25d5e4147aaa,1
3f3c11039c87a1c926cfb75d634b2e68,1
3f78e2cf2cd68a8b203e9758a2ebc6b1,1
3f819368f8d8bac5d8acb687c13f28f7,1
3faf24bdc79726ad262c246952b66c9c,1
40995644f4dfb1e15f58bb21044c6408,1
40ee5e8a1fd9b0001d271d8bd5adcc1c,1
415dea6e8dff154f494836457313a333,1
416557baf6f7e1c0c9f707b4b2bfaa7b,1
41df9fd23b2b938ed0f43ee8b03c3536,1
41ebd4cc9488a9fb43b3ec21e59c88ca,1
431994669cad5b6a183f498af2022031,1
43fd4e176e3a44fb5a5dcb6b2b0c3836,1
44062ce20fa71a69c020c7c8ea562e31,1
441c222fde51c54b8bae6f4bc09c239b,1
444b4624b498fdbfbadbb5c4afb32aef,1
446ed42b0dc8371f8c2753d28805584b,1
4485b4df598fffb874cf4b63045600a2,1
44aae231bf1d831fc2e20efcf7d369fc,1
456705c24c0217292d66899197eb5173,1
457bd8357a6c33580603ba8f7b982829,1
45fcc4fb5d84cae793d6e9adb2773bc9,1
466988ce37a3b7135566f3541e379b5e,1
4755579b0a98c9acc243fffd9d94ae0f,1
475e6b7b56b9a699c91068eff7397bf1,1
47985e639e852be820371039ff12b188,1
47e6b3d28bb50a2005b7864975db0d6a,1
47f2817e6c27c75f043c53dfc579656f,1
480aab44e3a13664e36850aa2cc07cfc,1
4837121115a9709c259fbabdd72b0319,1
49009be2e2f176d5af26a24701654e35,1
49768d266d799963a7b0b70dfebb508e,1
499453e81f9f521d3238f27cedc42c03,1
499556e5551c8c892b4365e61a9251f2,1
49d1a7171119239c2c381f841db65744,1
4a318c1ab5013ae85d4e7668c5005bb1,1
4a8cbc27f3dddc72dcc6bb712c939977,1
4a8ff28e5079dda4754c5955056e778b,1
4a9e41d410c149cfda2f519c7fdb07d9,1
4aa444e25f859ec2e0bde53ab4e168bc,1
4b8bda05554ab83637c0840ce0ae9235,1
4c12f6525786ef64235e47111af17f3d,1
4c9779e1c6d06ea7c801f9cf0f2183be,1
4cc38d065a27798894cb9152fef65faf,1
4d6eec7564c26d8f016c2b57918f4402,1
4da5a474a6a4b6fa75c8fa46faeeeba5,1
4da73f21f27aee29db72b6e0e27871c2,1
4dc4433ba42c4864a5bc90f191fa75e0,1
4dc5e6fc83e39d21bc8034c3eee2a83c,1
4ddf43c0603a17dda5f9e07a0b704b12,1
4e89c160bf02433ab71c27acf6eecac5,1
4e8db1fec1cf980d4ac41be6564c45df,1
500ea73c921c4e308d860be1484114d3,1
503f14603d129e8bd76a70f261c78647,1
5041afd2c9fd94a67161b21b8cd37609,1
50cd344b1defad5f90872ee7d88a875b,1
50e877669f605f1ccb6ac3a14cd0d17a,1
5177866925e4c9456ba85322c9dae582,1
5183f8d5a9b70e357a48a33a34f6a6eb,1
51b16b6215699cd6cff5129ccf9556ee,1
52ae9f17e6c623fa261141945645497f,1
52c1800a9d9e07d522cf75cec31ec6eb,1
52d06a9f20f30d173e56f8c8457fdbea,1
530c6ba5b10bb5cdcbe18fe76de7486f,1
53679e8bf70a35964a6893ac136b6717,1
537c7a74e896ca8350246605fca54b4e,1
540232251ecc201c1a496ff68d2a018a,1
540b80efd18eb1df000e81ccc57a1018,1
543c03420660de4168042b22e7cdffac,1
54513c0243a1d323c805ee98f87f4e58,1
54526b6163b72a15e7bd01af6661d370,1
546f516d1432cd55cba3ddb0053c2da9,1
54749129918b5eab9f9d1cfa38a85e87,1
54db64b28b101e1d7624885f08fb737b,1
553304ca7dd10fa818b7ffb7aa8200d7,1
5542c03076cdcc1ac1ea4eb87b237210,1
554ea0ec49677de743bfa40dacf9b3b4,1
558fa3bec13ad301a9e0c154260add1c,1
564c2cf64f7375c69e54c0d0ef969d89,1
567d83911d6ae0ebab5f6a094074b906,1
567e166398261b2313e4082a69d62688,1
568c3559b56f0826fce3bc95e0545294,1
568de57fe3acd659d678cb580a618f2f,1
569c43295b5876acd08dea00dbd25a3c,1
56aa4daa68dc00902c9e96ecbd367000,1
56ad90275384636ea1a6c322549b2a1a,1
56d026c8aef0797565b370fdbc305212,1
571b0c70353648cf8ac488d946bead1e,1
57696ce4b8fc7be6669a26eea5b3d170,1
577378f36448a907518838097da18c1d,1
5799cbc94e688f706588e538b27454e0,1
57b0401c10adcbb00d84d782f059fdb0,1
57d0e9a6cad0bf76f792ca9afdd617eb,1
5807ec8ceff6966c2c2298844c3b7de4,1
58f21bac104e667799d2b5bae1a07fe9,1
58f976c503c71b766d951ee3f53cb601,1
593b8815786e25a425c74adb3adfe0bf,1
59ea4b264a698f3646f1a2c366140c1c,1
5a33a5362d5b984016808521e86b4981,1
5a3c49347c8c36f81fbe10639498b747,1
5a9a7ee54c47a7f73c060da275a33408,1
5b8ee3ae188b911732cb4529a1c41b12,1
5bfd12f1e545759ff0e9f61a58354688,1
5c03c9b2b6ca1fb7bbf642a5327d8e38,1
5c779f9b4153e484b28416ba29e59087,1
5c80f6dfcb92d4d28fad15e4ba89f097,1
5cb3c26d7b6d43370ca575c119f94864,1
5cef088518eecb7dc4bc0a00f0c3199b,1
5deb03f5e350478fb1e6566e8b26cf09,1
5dfc437f19271769f3433d38eb0fba85,1
5e22cfa36502395adb0d7203b365f832,1
5e8954940034c459e77337efa8480748,1
5ee12f3de99fd96f39120b2fa532be5a,1
5f46d6ccdd867fa7020bf5437bff1518,1
5fdc94c9fa3f83ad40f5b8742dbda4a6,1
5fe086626f6a09b79a316ec441321ee0,1
60086a62e244607513e9467f424e30b5,1
61178c8cfa8079c2a3daf2ecce573413,1
613e38eada4f6bf6e4cec96d1e776bc0,1
614320d41615d60031facae8b099fbab,1
61537375a125779d2f3d741b6ad7d105,1
61950ebe6d6255d8abf1b2a709d9ea10,1
627292084d29769a419631bf67bbbba2,1
62e87e57fdb5e8879ba1d52a80536033,1
63400168a4ff4a5658485e744f006b7e,1
63405155460a97b70036bdfd17ba296a,1
6368982c60b30f5bebfaf3fac046d002,1
63a2590bdc25f0f3dfe2e94256f423f2,1
63a628fe1e79cc3ef93c0a5435823c60,1
63c9724176155ccae03c123992edb359,1
642e8e6494bb1a3b974e19ebf87ae63c,1
644bdca8555bceb2091f2a6f8e2018d4,1
6467b140f1347655222bf8d27f28ffed,1
647e72e9801ffdf33739719cd8e54fc9,1
64a7e034510efe7dcc2ffb9e1691d612,1
65a0ee1b70a89b1c99b17d71246b4398,1
65d5cf4d123c90d776f366cd8b495e49,1
66672f29dea9b1cb7040a04a28911fcd,1
668019cd67c45d5a1adcdb1bc0f5d015,1
67881b4424607122bd7ca1f48b826dac,1
67b5533114b091068b969b7df0ef9c24,1
6816e93b5d649b81e5a47d69a0379ea0,1
682fb135d1802a2b96088e6d48305f45,1
683745a2baef7f98650a62a6f1124491,1
6863278b795261fc444dcb53eb5cfe3c,1
689073ce018cf0705ee777ca55bcc3a0,1
68d1179bb96d15e7692903b436b85b88,1
694936c38cc360e6080eaf90c738cdb8,1
6959c01cecf42500b8e98a5f10206daa,1
695ae533d679d7989c8c55a9c14ebd9a,1
69843a3810ec4da72be0928796ab3dd2,1
69f03d86a0e8437f457897df49b32149,1
6a76e164ee7f816850893336716b817e,1
6a99b5c61f13976deeb0c6d646666a81,1
6ac31b3ece426340e426927ca68038f9,1
6ac9f28f6194bd1550dc4cd4399f4a61,1
6b918a691ad76cb1bf55a0954284e0ee,1
6c4ba0f15faa8626e702c0b2e47b91bf,1
6c74e7b76ea54366af289025a594c1fa,1
6cc334c32a727d6f10a70bbfaa65db97,1
6cdd8c0e285e290c94e89954f79cdc4e,1
6d3289825e051843be1582d91e1ccc91,1
6dbba5316ae7e6f9ee486c6a7ef82366,1
6e7832c1e85560152c311d6ac0cbf176,1
6e7fad048ae4ca52be34b30e811687ef,1
6ebc2a595be6a7bd30b5b52348fdf656,1
6fa98cb969fff9461212c2cd15b08e1b,1
706cfd342b1ca6425845e8f079709b4c,1
707514a4ee026981b091ba21e23763c7,1
70a780c62f0528ecd8a0aef6cdcc1e50,1
70b50ca20c818fb0cc7bd6ff8c5eb506,1
713bf6aa98b9c0ba5eee32a552b61ae0,1
714262db3fb82240dd01e8f75e23179c,1
71553b102a8829c3969686a26d3dd7e7,1
716e4b1631d5a3eeac0ae6628a70ffee,1
71b4748ac027d3821f0700eb86ba64a8,1
7217abfc3c6fb077b27eb354971ad81a,1
72a188c3d84fd1d9ed9674b700c8635c,1
72f9522e58d7f2e17e1d9edf2b51742c,1
7306306dc1b5156494e5b014b6d2843f,1
7344225341dfdc28e354b0cf2613a581,1
7346a14c8c929657e1f8f4785c6be36c,1
737d5d2d8bffeb3aac4bb6076581a51e,1
74311a0d9cf55883b2ad52d6f9fa1021,1
74671ad05b290c93c7a28083d2bc4112,1
74d9de4f960523a9422257a3b530f06b,1
750021835ea8f93f6d6672a3573bdbd5,1
757b3c7ab456087463c1da8348fde0e8,1
75c81d9cf03ac22c5992dc10f7a4a140,1
75ca4e5942cf9f837060a6735d824c48,1
75f93ea3c1aa53c21031fdb0d3ac17f5,1
7616dcd2880ca7fc87886b39cec32616,1
767f40a58cc77a43fcf34b4b4ddc76cc,1
768100274a8fde818b31f26845c4724d,1
76a22cd818d6d9d22b5a2bb94f1c769a,1
76afd0bf468aea76be0a07a90c9c4446,1
776a2b314c39bbf6bd641c1ea02f217c,1
776fd9dde88e7c6df1febb19bdb13b64,1
77d40b1d1982ea94cdd4f750553b3cb5,1
77da87716445ff05c310e2ae7c8b002c,1
78a795f9a0bae5eb7bfc5aae5b90bcd7,1
791436b07ffc7d93f76c3aef76a3a9f5,1
79158a09b0a0a57c14e9061d80f4fa38,1
7973bd14d4a454a7eaf6eb5d1d0d62eb,1
79d2458ebe205ce854b72c7250ac7c27,1
7a081fa19f70d2c59984f79d6a78e123,1
7a0afeadcd2603c1a8c231c5bd097d88,1
7a80dc06bd65b56441a79467ffac6034,1
7a932e89f5da6cee5130ad7ac8c66123,1
7a9374291b3c23c6dfdbfdecf886e566,1
7abd81cc2de1f17a7d1a84be80e62c26,1
7b873b96e28bc8054fbde339337fb988,1
7bc7679480b7f491fe7885e4b91afba4,1
7c05fe67ac4dfaf8365921d3d5ec5e1a,1
7c6558760fe89d597a2519d0f339d4ce,1
7c8fbff0c8ec1bcbfbc46a6fa16d0b1e,1
7cc0329413e840ca32622079681ae462,1
7ceba8227b678798d4cd2177184d8de2,1
7d01bf1581f625ae25efed74f97d49a2,1
7d971f141e26648ca1d9479d59d343f5,1
7de32157db296d4adb16e60b4db327bd,1
7e6d51d498f47b1f705bfd96dc315825,1
7e923a132575211a1b0edd127feb98db,1
7eb3889cfd2ae372c02cc0a3f7f250a6,1
7ed882d8c78fec0121dc08ba1275c2b5,1
7efda2e6218530a0704dd86300e8f66a,1
7f6e47bef2e237372a9d768b21b8703a,1
7f72feca9c292c922466356152e4fd19,1
7fa501d042e04b89f25ea435574b9c4a,1
801112133bfbf33113ecd76b89a68329,1
802f779524eb2b493474f95594367a22,1
8054b0aca32495207ed0b676f683bf2e,1
808a442ead0dddfefbed1c7c8a59e641,1
80b9e7d7db7287f72698695999c3d3b3,1
815485174e5e2a109f0b470fabb9afa8,1
81d8a825660dcf6b773b8b9175b6e2ac,1
82212d43acf97db46ececcd1bf329f86,1
82414521f84ac451ed68513e6f17fc4e,1
828ee470b92293ee5c2d77625016d8ba,1
82e6a80e9baf5c871db3e72196e232a2,1
82f48656d023ddb2245de3d1299810f8,1
833d18b6937886e25ddd9344da750890,1
834a1729d3ccda7f7659f63a7edb0c51,1
842385f8b4330d09418d565081192ce2,1
843deb7919e71f5192c5af27afe20e7d,1
84658e2b7be8837554203dd0c439ff37,1
846e258b80746263d1872f2e78169c05,1
84ba7a61d791240e6b1c302517a559bc,1
8534cbf00427f935f009562df729e368,1
858a9052b3f18e1eab58fa1de1f9c2bc,1
86454ccecbdb5711a6d29028784caaea,1
866553cef5f719333ec00593c3a9d455,1
86af7e0014c42f7eab03d15b39397935,1
870749c3dcb0a2e204e4a4ff4c02006f,1
8727c547e4ce5e26e0b7363adaa22778,1
87ec45c98d15b2c895d7e2f9544ba80f,1
87f276ca771f93dde2b421348df1f4a4,1
881019f9bc8de591d01f7fc63e5fcfce,1
883ba82a553dbcdb18f6f597de888b7c,1
8919cf8b27d28be3a17ad048620b0cc4,1
8a54ea2cf6ed7f88b5ef0cc63c7d91ad,1
8a93a37b0a25711f6aa0cb45fc4c980f,1
8ab342814eebb9050d3f3520a94afd53,1
8ab529232eb0af6cf44076f09a3f4295,1
8af137fb8dc088a83c7ffc0499ab7918,1
8b13482d0bb6ea88d43167003ac44377,1
8b209f775a1c4c3ae61450ae9c855615,1
8bbd4478dbff006c74c824083219fd83,1
8c8d722837694a2cb1f3629cd94a74b2,1
8ca6cbbf0a1c2d51018e7761c69f8d98,1
8df7660e890c2b360560a249f941a464,1
8ec382694dec1d9940fae8c93a4095ac,1
8eef9d12d7959750fb640d3ceef74016,1
8f9237883882c3427b684c9625ff284a,1
8f9b2120b241040ff14af75dbd949cdb,1
8fc3f553714b42c50b78092ca3a9782d,1
8fc66097392a0432f7b3344856a5a98e,1
908d346b2d78dbde1d70ad61bbd2ad96,1
90a89681ca38d0049fa6602e4a66b843,1
90a95195358e03ed52c6a06677e3c96e,1
91981ed9ed340387714c4f9acc959ad5,1
91a6b9875322d9a0a18fa8c9ed0dfa1f,1
91ae0ece77d1f91f51e91e6f01d1b668,1
92e75286fbc7c42f3603e864bbc707c0,1
93124a91283f6bb595fd37def66f9274,1
9328b2ea2c084b094f9dd7ff5af3ae1a,1
938a7f88e3342dbac3eeb8e16ff15df4,1
93c916e4a01fabbbfce486b7a6ada45a,1
93dcdf2473e9dfcff2a41ccfb4b33764,1
9499ffa0281167eefabda53d05b50a6e,1
94a57ecee3b2aa1920a8bd3c337a5ad4,1
94ad283f30a6e8bef17f3ba17ca1261b,1
94b68574c2ec78f8ef4d8ede008b17e4,1
94dc2ad65233e6481afa822c555fb5d9,1
94e5263336639a758acd1ad285aa736e,1
950b4e6c306ab34d913213594997adb5,1
953c6e55f3609fc1edf1e8b23598067b,1
9568613368fdc5964319979b779b4739,1
95b991a41791e623cbb9a4152cfad6c0,1
95f2e58ada720ef99ad0326b4c4e43d5,1
95fc95bd1cab031fbf9806b54c731fc7,1
9610476a66d06da25c2078f01bd762ca,1
964f02b36eede6ca182f8109c66a45aa,1
96b46ed091874012e2bed1d02fb30e02,1
97cec519e8e4dc352da5f8e61c59b1cc,1
98a7664bba6e323f3626bbb596732b9c,1
98df64b11d0bf20ee8df05d32e5ecd30,1
998b281d3fa764b400626bc33ba3a666,1
99a37baba5c259efb47def261076cdbf,1
99d56f3b0cf997d88fb190687cd3209b,1
9a8b189d84a7ea55895e68d255d74649,1
9aa66879dc238d5c4f7ef1a2e90f2f1b,1
9aa984edf9061791c1e8bae5fed69112,1
9baacfcd5af704b79bdb9183b65ed1ae,1
9c30b82ee8ca00d750f78209f7b9c501,1
9ca3b7af13638d7ce0e32c0b6e668598,1
9caadbc48c39b26be91318fe19eb3841,1
9cd241f2600b533033b45fea0ecf2bf7,1
9d20efab0bf964943b7930903403b5f6,1
9d38e08a3bfb0446c49824d9aaed5d62,1
9d75e1ebeb8656e0aef2d172e981f101,1
9e2262711a1c7045387128e64ade313e,1
9e307c9fe30ff1884ed0965ee3caf549,1
9e4b609b766ee8c751d61277fa622b13,1
9e8a06a0cd9ecaa231cbfad07fd8548b,1
9ec5861c925846d1b6245a7b2728b787,1
9f2c063a5cd5812ca6d993437af64a87,1
9f48396bf74332f0cb1f28a57939bd0d,1
9f52ab868e7b870e6c2987dba7a45542,1
9f752d0bfae7d400b229a44262bfe083,1
9f80300a7bef89939c4627aa696d7cd4,1
9fa79b996e7706cc6566e5f413785b9e,1
9fd0fdd5d0d675b104eff82a65d79344,1
a0001a8efe5764d3f03c9a710f47be36,1
a1205b1b0df095f7f57bbb2e5f3ef289,1
a15f9993f66b586dbb137dd1d09e63cc,1
a1bacc93390bc51c73ad2054d09bc19f,1
a20fdced7402711acc09dc18a8f48bce,1
a21ba247c7b9dbcf622331e42cf741b5,1
a223aa3eebe3d1864e2b8064abb467c1,1
a2adf557ed151fe3972e2c842a0c7e7a,1
a327efaa0381cb02ef766b841adee772,1
a3770de8ea7ca4693e19d1402c7f7a31,1
a37b95883a21231f5d76c540d3cd9dfa,1
a386ba607aa9e4e08a464733b550ba27,1
a399420c0897967c8c2236075a9ecc90,1
a39cc098f778e851aae8b552456ef3bd,1
a3c8224b5fc5546aa9f8159fc59c7852,1
a3e94a9f5f85b3be3444865b5873188d,1
a3fba26e6b3ffd2881a0c4dd2e11264c,1
a43e1cb1626827844acd65af8a50a069,1
a5489eb238173a0b7f4d891168c1a5fe,1
a626b801c8187573dd6795821b142966,1
a6283171a403d8a454673db33b573686,1
a72925c1f16cbaca0b0d34559100d56d,1
a73e2eb9aa782f97f7f4047f088043e4,1
a7566335d47ae565eb09415b740c62b3,1
a76b14c64a2a89568e67bf99de7ce50e,1
a7c6cd8f3986b0eb9d8018d6f3ab87c3,1
a8ba0760d14fff93ea817b90a4b4399d,1
a8c20c34a131320f1ac2fa78e3bec817,1
a93b6623689f7d5eb653c51cdb82b1b5,1
a985a7ba29f92d88652cc2f357020aa4,1
a9aa39f3f36530a35fda73b7e6f10aaa,1
a9ef0c13ca98a15d713ba14a0ec17bab,1
aa196dc8293050c967c994ec83eb7850,1
aa4387d8e859294b8990b16e6de47cd7,1
aa8bb38388a4a3cc7c118fd234d9c5bf,1
aaf0bb4444f7887094610a8091990e68,1
ab404ba9a6dcf28bb3c049e5d23d0152,1
ab4eb9e22429afdbdf9c3d3059808704,1
ab4fab3f1fd9668c81ad4c4c7121f602,1
ab6c2b901fb7d6a60c148db0479f70ba,1
ab727cc13b1147c7a130b304d93992a0,1
ac31a16e50ddd1cf474a34d48ef356d6,1
ac4023ea875c8db228b966603a9f0c7e,1
ac57bf871a3a57a15ee6d7ce830d861f,1
ad65a5b989dcf37d052c1060f486f22f,1
adbb52d44745e5681b405cf0dba96a8d,1
ae41f10b1835f96e4130a9194a4fdc78,1
ae79aa460b8b4a5f00aad0b6eb97b7f5,1
af2f5600136f8eedbb0e7d71da06b0d5,1
af4d40b343fc122df1b1291138657e50,1
af5f0bb92c9792979db69478a59f97c3,1
afc608e8743c1942c3da0c06237ec254,1
b00e60dd1847fe19ce22b6468734ab5a,1
b0b6328679f0f5ba8730efe528b50fdf,1
b117966b0c715a6c0c6f1e03bde755dd,1
b1c368fc8c16259652b91268684caaef,1
b21a8051a400c22a200ded6607fbf496,1
b272431dfb206c3207eb1aa4b2a7d5a0,1
b2ae3df6538fc4b64badfa2289401e7f,1
b2b4ad77758b8a7e11332c0ebda6cfc9,1
b2bfed1273dd9c16578049a332da2500,1
b2fb1299a1e4a25067bf873ef52d9a94,1
b36fbd9f78df7ffd3f4324377e2bca65,1
b3ced684d1137ee97eb9d355e5800ee9,1
b45526f23888fbda5b9a8644b657ef8e,1
b4ae600b1adba42af6086b7799a72f75,1
b4bc3e7030f04f3cc135cc8057d275f7,1
b4dae48c5face7224019527c4260d282,1
b55a805e1d08f5016462cfea93ac1e3f,1
b5e51fbe740eea30fa8cff4063f254c2,1
b5e5517dddcbdc4b2f78b2505e680d56,1
b5e5be27635b02b78467f1f0f2209bf9,1
b638b25a487505a7b2823c0bef616f10,1
b7bb10242aa0a1403d3b6194ebc04f62,1
b7d888fc4a9d90852b7f08d8394819e3,1
b7daba8932803331fecfd1401a83b770,1
b80ec84ff7fb46e8707d5966943347b6,1
b8200694ee49eacb8d96896cfcd886d2,1
b861108f4a2b8421a5184bfd113bfa1e,1
b8e56b82c15cd8d7dce533407b01c2ca,1
b8f7ae430bf6a359ca1c40408a2e993e,1
b97c2a76a0407b86ceab5531ac9cd9b3,1
b996af70ec060021e025d1efbbb50362,1
b9a4d77b71f76774192bd3d9eb788344,1
bad1651b1dcd0bfb52eb8fce8d161794,1
bb341498fc38f403ee6f415956ca4822,1
bbb20157a15dab169752e1f6b3d76af9,1
bbd734817ea80fd346f0445ccc2b5186,1
bbde645a4ae202fda342599a3573caf6,1
bbeb369dadc7e1e3b2e9855bb610e6a7,1
bc9e0bad4d82ce261562a697112ff551,1
bd01597f3b7c79d78f47b019ead60087,1
bd65ba8eb596eef903ae5a5d7d5095cc,1
be2fbace258088e20e72478630c2aea6,1
be4f16fd7c64772ec85d5f83e9001234,1
be5c2da93fbd984ead557f6d12768f01,1
bef2ce9ed2518d1c80765490a16f376d,1
befd87dc8115eeb33351632fc30a58b9,1
bf38a58c36dd6f08077b078f15ebfb22,1
bf9d5163f49b01568ed6525a03e86bf6,1
bfc15da2676c44f47e4c4152b350f617,1
c00e8b8dd17468e5e90787a756e23ce5,1
c0c1309935f77ebf73bdd72af4bdfd6f,1
c0cdb15bc2daa6bb977b0fd389fdf436,1
c1951397b95a84a87e9c1d4d816b4b9a,1
c2426ae505e44f21b7202c52fcceff44,1
c2ee1d75d0fb3a5ab02596c95bcac8ed,1
c315b499fc55e11e85e84435dc69aecb,1
c319a876bbe7d632470d270ff3ddcfec,1
c3647b737986bb3957e0f77da3771588,1
c3b333450c30292b08487fc882be3969,1
c3e7c5e1e83bcbd9fa3df735dd4d13c8,1
c41c76e45586eee46c0426a3e91c23af,1
c4552f818a8d3ad4b3c166170c5ebb82,1
c4bbdd0dfe973ac1d2ec964269d501c7,1
c55d1351b5c4f3478cc96dbb6381d269,1
c61d19948376390c2986e7023de091e2,1
c87e45f2f0ab41534465a40c2c7d5557,1
c8849f5fe833262679106b754e242ce4,1
c8e6010c59b9107e9cd8918b58d2bab0,1
c9913384c04d2029bbdf7c7b00fd3579,1
c9e647bd1700301d09a2f9dbd30db186,1
ca0b1ea47f050566d4772db8912c7722,1
ca11f3af2eb317927259e3e0a095eb99,1
cb1b5130b1672cb1fde639fe0ab6fa95,1
cb1eed9a0c07b56370d8401370532225,1
cb37732784605a3739102d3eae3cecee,1
cb3acf3ba59abdac0213d2fd4975433c,1
cb3d22573e000bdd63a25f6f22042d1c,1
cb4a461b7ae218555eb3976ec75c327b,1
cb88bcfb2cb584dde13470722699dce5,1
cc3bd8e9735675578863423d544002b0,1
cc53d184cfb0f884083b310731ba1a9c,1
cc895ff96830d11d23e991cc3573e3c7,1
cd9da7b6f2afa05b7ef32ac56d8cf996,1
cda0c3d0a4794ba0cd15e9f6f482c0c3,1
cdc76e000099771707b857e3e290bd61,1
cdd5803d5549a5c24a5e496c6597ceec,1
cde7fc15a6ec3989e5126582f42a7e56,1
cdfae09636bee560915da38d3b5c2971,1
ce132b4b84e877154ccd50be76b96cc8,1
cf4169edfca66cd40384224ee8dd355b,1
cfa49fcd703284bf1c58ad44763ce544,1
d00e013ee31fb21c596ea04615ff3575,1
d05ba33b6eda9c0017c1542b98f09a35,1
d07b6960e3921d85cddbe7abaf7199fc,1
d0d17d0ab462a35c5130b2afac2b6b73,1
d0d1e20bdf7aa587f88b7e331fa042b4,1
d13667e8e393c6e824da6894abd66ffd,1
d1495988bb29d5fe620ada281a79a66c,1
d24cd948148cb044e5142ee386344916,1
d2bdb6abed05edc40ab22881421ac873,1
d337d79cf38a440eea9c12450ae7a8dc,1
d34ad8dcb09ad0614f4e11f1f5fd3331,1
d36868e251859c5850828496f577d410,1
d39b00b6862d415ecd8d1e7c4a2604d7,1
d43da3ba69042a4debad3afbd7a0e707,1
d44f2470ddf284c62011482492239035,1
d4f23e117269655de8adaef63f863ef6,1
d4ff1453e8ac60c8722721035ff80601,1
d5801f2c7ce1733032422cdac25fae2a,1
d5a31495ca865f19fce1dd6bdc30c321,1
d6a3b91dcaec32291463c4d70a276a0b,1
d6eaf4ee61f01ff116d311b5d6a8ad8c,1
d77c635672b1084eacb81d9d863c3be8,1
d7ba5d5f8c12545f4a2850c5b5b5357a,1
d82d5df5adf0781914def4f6fcb93853,1
d8802e36a214ae3fe78b027f5a83f313,1
d8d21b49d4f991d41e9a9fb3c632a715,1
d8f60a5c609033f751fb70b56fc7c669,1
d91d16103484a575a0fa1dd961ebdd8f,1
d9c22b69c0f89dbab7331aff0df1e7a4,1
d9cbf0d3c3eb4f224250640a21d4f2b8,1
da67ad6ab0e7168f4e49a06e62decdd2,1
db54e935c2094b704950ec55b83b6767,1
dcdd5700b6aa33790809094dd9b28261,1
dd52e8b6aaa011bed425d06becd534c2,1
dd769156709e351929e13a879e6e9479,1
de6d4fb56a88b7c22a0ed38d04798704,1
de7b8e1799c97d1bb681dece0a4c15a9,1
ded6a08ebfad6c236cb4a1a1ade55b80,1
deeec90f7fc38818887988610b915386,1
df274adf2b8e840bedc546f322feb591,1
dfb50edc66d975e8344831640d89964a,1
dfdc7e749cf58e204b1312aea50513f6,1
e018dc47174b7c0aa81748c4729980ca,1
e02186cf0f550eaf4ada5dc15209c983,1
e045bfcaf1a5dbc0852ca29f36ff637b,1
e086276e2947653712902ed4b688ba33,1
e0fbcea7e8c0516e5e8c31a295b17846,1
e13e5508626b548e2780b95ae3669139,1
e1dacef6c77937edd4d7337b8260abc9,1
e28966cc55a65d93d636befd0b81721d,1
e2b255ce756a149dc7aaaa0d21372d43,1
e2c3e45a63e2573cff6bb0eb4e62435d,1
e35a2bbb0b8d4fa98e202cc81b025a21,1
e39a6943f7192d2d4094353cf2f2b4d1,1
e3a44ee6574a7fdff38555b14146c60c,1
e3b428badc1308fdc3d5720ae6db5593,1
e428e9b915cf373a4a78b1a7663495c4,1
e4596cf6dd82f3eee76d3b17032fc816,1
e4bed387d2a37d25ddbcb54a20080530,1
e4e91429189eafc4e1798361c5bb8cc2,1
e520b03093a467b9d789b5d9ec8425ee,1
e5303286566257016b30dd5a04c6e2d8,1
e5959811b8cb4ffaa5c30c089e4fa0f7,1
e5a5676c4c4e9cdb11781575d1b64386,1
e5ac801d370060adc4981f4d24268f0d,1
e5dc2d880d2300c947d272500bfa6950,1
e61e74bc59d9c5f54b9a1337011e85e1,1
e6322da80ee186425d56d9b94cf46314,1
e699be4b80aad2a65678b01bc4ae8e3d,1
e7144844ba6ee76d7ea7b144d9d4a5e6,1
e7585b147debea8d4df0bb34881c9313,1
e78e5ba04cc949ee18fe6695ef95cd84,1
e7b81e5824e96c7c7958f228794066e0,1
e7ce5fddbaa3a99c2d8188dded30e513,1
e845f90f40edbab14c33a1f1d784fcc3,1
e896015a4d3132d94f33f2e1bdcd89a6,1
e8a334f88d322a5218ea5a58acc77752,1
e8c32b95aeb46d61a937c656e5a4fe7e,1
e93b38c65790e3d20e1b5fd6cd3f6902,1
e9405959f33e7b5ebce96309719ce365,1
e9c71f7e2bddff06adfd8b1a91991e09,1
e9d15c7af829ae0fefbf1fd404844819,1
e9f64a8d77aef7d757e07b9d9e6ee990,1
ea56daf053b7232ab3e420882e5fadde,1
eb53b7f490a7d59c203e77741c01ead4,1
ebc36524898839dd8137bddc3027df2e,1
ebdcd2d29a7a71e07dbc994464658a4b,1
ecaaa3b612f6f7693ab08dc9f60748ce,1
ecc81d6e9d33d600baf9442db98adc30,1
ed2fd2f328197718bb194b695c6d5620,1
ed6b5ced432faf77d08b2e85064417a5,1
ed9cd4666def9460295963b250cd2f14,1
ed9fa40e5f31cd58da0f001236c3c0ac,1
edf960783aecef08b2fb91b86f625c53,1
ee056ad6c3e5735e5fd09c2c83b9efef,1
ee0ce247cb5dffd0f6557027cc182fb3,1
ee1469d3f0c3b170c5dd04fc420d7646,1
ee8851ec1ab88efd73fcbc12d42b73e8,1
eeb13f215eaebb6f705efa441268ae95,1
ef9132f0854d8e03ad5911d4c8958659,1
efac5c44bde829f02165f1b44770794d,1
efc3588dfd4d956961752ff130736023,1
eff0c3af35116cdd1641784cb0eb0b7c,1
effa3d37502f3d35e0d7c0a6a43d817c,1
f048b46d91492a6630ef8bb7d15d5ad2,1
f0b51d16285214f257a93a355179b43b,1
f0ee8504c053ccbba26d6dd9948a696e,1
f1078d17d9c36b911beeb5a1b9432bb7,1
f1354a527273ea2cd1a43b8357ee6015,1
f14be9e97b09f72b6db8be6de1e815cd,1
f1ab6a89421c7bf0328d59de05d1c6b4,1
f20f40436bedf8f51513701df28425e2,1
f217ca41e07cd90a185da7a469ab4a20,1
f3018dee8ec814caae05f160eab0b447,1
f39f5120733f6ae859d2c73abb111378,1
f3b9327ef1ca3220b12f68331e65f8fc,1
f4e1d98ce0a5fae404c7479a58bf526c,1
f4fa2716d1b7fe4fb786e6977168d8c2,1
f556fe9504eb770092a613cc6c856974,1
f5cd87ef029e73c84ceb933592f6d190,1
f63547deb0df6579394116f998710798,1
f6730ccfe7d4bde6e0fd65a68d16ccf8,1
f6c11068defa1ab886ff2fdc52479349,1
f6e8d81a4fb6798bce0fc279688fcbb9,1
f73c83952e011eb08c474567cbc3d622,1
f77915e45b8483ca4bff304c5d0c9d75,1
f7d50d0b2c4105f9fba86abd732e681f,1
f7e738b66cce95426b1365786b5437a2,1
f7f6234347576be852f2a05b09a182ab,1
f7f938ffc21e6a1751c463cee608eb18,1
f814978d956d876be5cc79f46bba19f1,1
f8c6b6fd0799deb60966bee85f4074b4,1
f9716548156f55ec098ecf30ae8beecb,1
f9f9590d7106fe01d490124e82d087fd,1
fa24c3c4ab777d4d85e129cab437bcdd,1
fa603587d88294741e229e58bce2fd24,1
fa8ed84721de91e72603c90f7be4a788,1
fadceb906a6544cf92748fab26c741fd,1
faeb470403e580db203f62cb8bc7251f,1
faf59cd7cf67c3443d4a75e2a25fe318,1
fb452f709bacc68db86ec507b5222634,1
fbdc927519c3a2b9fc751819e0bdf4bd,1
fccd636d0e512749fc1c64214f431e95,1
fcd9d068818778c38d18b723e2af230a,1
fd20a9b23a51f578ad7f4c798ff60f3b,1
fde3e058611f97d79e9d9410e04fd642,1
fe02d0af3f57e7bf4944add1040e405e,1
fe590ad1a0d634896c56218681a518d9,1
feff8137f97aa2e21e6c4c5b19cc6154,1
ff0f7637b755e148cc533e409ba70258,1
ff12a90fd30b53be694f9491fb31c945,1
ff1abffe16703ecb70ecac1eace962d9,1
ff223bc53d2e74596280f5e0387ae21d,1
ff8448b06933226de0003dc72c6d35e6,1
ffb7b5cd87413e4d51c2156ab6e8a31a,1
fff54abbe24aa540b59ed0537a5aaa54,1
0785a1e2287ec3fb47b23b55e67f8695,1
0c19072a66a94fe548636d7b50a06bef,1
27076f234d130bcbda8aad6204e282a1,1
6406c69887da6cc7b366859f370678bf,1
6420bb8769ff6aaa67951297a308d6e6,1
6f76450bbbc1426458199f7dc9a65b6e,1
79aa3cba5ede86046d70eed6a9cace9f,1
7a2690f8523ec76fd6aa4c9692cace99,1
a0d22d7410f805bbdd4992479294150d,1
ab1a9cf18eaf7aad0ac26a01a23e73ab,1
b101c6cca0439f6d38d688e3473868eb,1
cf6b3234267ef3fe31970498149dfc3e,1
d5b6e6ecbbaeaae15a383d144535ffa6,1
fb1aa5afadc1afb437734a3918216c45,1
