traceID,label
00c5aa8ab6e172ce5cd5ba4917278367,0
0103e8422b0abee508e28c3bdcc0f509,0
02898d6d01702a9c898c9de531f34988,0
02b7a44c8445768d73358ade8975ec03,0
03ca4ab93a2cf3e3a4ec065c466ad411,0
047b404fb05ea067b61731d88ac6eb2d,0
049c6479ef7601d9bf27541f61b81084,0
04be19b2f21454e77a2fe222b2ff49a1,0
054d5a1900524b675c193a75c6dcdaa0,0
0570e69aa28d3bf8b65d6340ddeb7cb2,0
079b7ac7bde79d68bb48678958d14e1b,0
095724ddca7365ed88e2acbba851fe9c,0
09709bbb953d154164be85672a9fc3ee,0
09d271ec6f1a019cf5a0e76699239450,0
0b6099d5896fd44628f52580166a1709,0
0d6bf9720049ab725766745eaa24a77f,0
0dcb48760ab86f6fdfe6303815cae030,0
0dfdc8e642fc0c6ce4c9ed3e2627342a,0
0e5db6f0cd3d6a91a367b723f7c30691,0
10f8ade210de8cde42455957da7efcb3,0
13325b40868675b440edfeefdb300f3a,0
144b6e843f88e1b622a994df769eb18c,0
1450c0941686b5b540ebd1eb4f6c65e1,0
14f44efaa2444f357fe951bd94ec4e56,0
156a0a227d0d755822950283abb39a1e,0
15a656831778dc1fee10a5661e957226,0
160ebe233a45caad205171ba5902ea1e,0
198fad5c93730ee9d61b4dad029128e7,0
19e682e7ac30d55da1271d7a511a6dd2,0
1add52a522a51d8877da1b7e79958ee0,0
1b460a7872eb822a513648d21d9c9143,0
1b6a672cd412048af97a7a330c6af8df,0
1cc93d06436ea56d9711af1b5562d56d,0
1d4286ee9d7f44e6356b0ef1f384e9c8,0
1d44eea0e2aafe382a5494085842183a,0
1dcbf66efbf79134251b3d0b658b2763,0
1dd217040d31816293bfbae8ef117b96,0
1ddc35af6709aa280f35c95cc93a7349,0
1dde4b0d6c6fd42ea39bee4ef4820072,0
1ed3c226416d06094be13545d9770573,0
1ed912b35fbc356baaf4e86404243b12,0
1ef3e7b30688bc4d896937255705bf9a,0
1f4f767d34117f9a0c9738ea18bb145a,0
2263c62afa13b65473aa95d8fd1013b9,0
2300195c19789c78d9c5b29066df9313,0
234088dd25ee01ed7c67bcff377bbaf6,0
243e0578a2239d18c2ceb70b007088f6,0
24d9a2c2dc72f887f78c871bf39b3815,0
25a4e800b306ffaada85cd31db2ff7fc,0
25c2d2b50f40284938f31b2a2f0f910a,0
25d68f7b6779af362fb7c9ad767a7dba,0
25d87e0c8e9daa177a2c8a713d047cfd,0
26ad709c358fb02e05ac0dc7f438ea8d,0
26ccc10d7b384929f7583cd71a54f1bf,0
2745c34b1487b12f7010780399f7fa14,0
28f061eafda82d593ca5002ce7c6cec8,0
293d11d6ba9d4ba702ff041fd773833b,0
29753f02b3becf9ade8943461ca0f44d,0
29f1ba545382f49ad16b0473cead6972,0
2aa302f753c83d5d225979b2402c8857,0
2af40b31a7eaab34dd95d0738b76743f,0
2bb771a91287577f52a4e37306f4c08f,0
2bf9864d6aa4db432d2a6c41640a8eec,0
2ccae9bfad7871994c0fcf6e38626509,0
2cf45f40350d6f44240ee3807b0829ed,0
2ec8a0e6be7119e782b4d3e0a88f5d64,0
2f04b7c84cbc82ad50746d33b83b0cd6,0
2f68ba5a9ea01daca8358951641ef440,0
2f6e1d505ce94f774fb0ab8e1bbf9147,0
2f8e7925c61efa0ef7f11e316593ea8d,0
2f92d68c457a9491ea7e2420794a1bd6,0
333bca62b46c6290b2aad442601eaf1e,0
3369126f4498f80393cb59ce00b0a15f,0
3417edcd7751ac115a59f6786241dcbf,0
350f4bf45c4ea84490028e8d7f27074c,0
379cd4d479fa16a829e08522b50a4b77,0
3a25d2a645436bd69bbab623c7854a88,0
3ae3d91043e317d50c468924e752fc49,0
3c8ba827bbfc04e2d3161e0152c7f092,0
3dfca8beb5b12aacadeb71096ad795df,0
3e580c45f568a83b55cceed17defc9bd,0
3e72e1ab9baa058de5a01eaa77801855,0
3ef12c6f9ab9954dc9c8cdaa9bc5e9e8,0
3f490402ea10d2bdd9ab55cf51869703,0
3f529f5e69631b343486446d1a19bac7,0
41027ccd56cfdb0f1e6558adcf87e7f0,0
413372b79be4a8757c2bb03cc440c7bd,0
4185bf0e03ccbf0ce1107a057d63ef1f,0
41e0c36c671a1f406c5e3ed10be6ab99,0
41f628ea0aeec4325ba4b48bb4d5ea49,0
423d36c64200754f89d2675454255246,0
42ab5cd85e39095bc025249a5ed56e22,0
434eb5b429bffebb1fa39a69597b09fd,0
4353d48106e71b8533746b96744f8706,0
43a2dbbaf5236832e79dc7c410b27f56,0
44f2ceb60af3190af38eb39a2712a847,0
45765ec140759f7278c20811b5d2a35f,0
4682e05fcf0ec7ac07b339a76f87ef07,0
49060d802e121b34ed556fad09a4d27f,0
4ae3f56937ee6a170fea3bba1ea3d5a9,0
4aebba2b94955e7fb19207c2c12963a3,0
4d1f56e94f20de4d72c8a99b2c109dd3,0
4db61d7e7daaae11864d4d4c56b1bf39,0
4e641cf1f5342f8dd19509fb24011329,0
4fc578da5363916ee21b8b39c5b84962,0
507a257a6f04b08bc738929cd8e05a13,0
51602df194790e1aa93dde3e5ae579bc,0
51881f322a2f970294d70b68c1b2e59f,0
51e3138386d925ca01e536d0d1180948,0
5237a6e22cd3f67fec16779cedb53a62,0
527bac0b037292b27a95fa0971c35b63,0
53ee221b7ff5111437591b4c4939c267,0
549144fcc438a1a795d707d4ee3efe90,0
554304b7b763988afce8968c3190f8cd,0
55750bf3f785d1a4ef62fc33fe4c7029,0
55df96d8d35d48c37f6c2990f69b3fc5,0
562a439eb167d81282d911e63e3d9a8d,0
5868257e59f9873bd305f4deb58765cb,0
58a3d24e4d4c138a8ae5a0f8a8f4e4d2,0
59fd6f238f83b142de56410e923e3c45,0
5a51a6a3278f6080ce774afe313c5ab5,0
5a84b6de322d1cc75afc20f58d19fc75,0
5de78d43c94ec4d6fb24b2e35d174c96,0
5e2214f5a8e46ca043fd1b6ee7e00844,0
5fb20693874246e4f9246089908c28f3,0
6352111ed25665925b8a21354bb8219b,0
63548e82c61844cb31d4dce7d2b49ccb,0
637aad355131f14a7c068eb8442c3034,0
66a9a39b34b263774a4631ed39c90686,0
66d4c968a452b04c93490b69bdc2a4c7,0
6710914f4c2522a4d026e63a8ea01050,0
68a7bd2077ea0d2d55a856ef888b590e,0
6ac2b09cb6e00ec49e54176e4a523f76,0
6b3b1425eb70f8c56319dae68458382d,0
6bcd599226606743aca17ff2f257ef80,0
7063b02522daad3b341c429c8f6596ae,0
70bfb91dac054ecfbfb0496b156fd8e3,0
712db771401532f131d616d431bbe355,0
714dfe93e508cc0557017ace28ed1c55,0
7183dcef5d298bccb6d858e98f06ea44,0
74530c9cd9c8a2385ef830ad31ecbde3,0
7458de90afcd0c42e5f72971898132cf,0
7483f276e5817fe5e52705323b57cd98,0
74908f2ed37ffb9bdd0759e7dc5e8f2b,0
75e0b06c6664ccdf966309c6ee2cbfd0,0
767225164ad3b2fca28318a388e0423b,0
77f1ae898f9fa00c2002d630cd0db5fd,0
7803a97a501d76f28fc54a67eca1b428,0
7c9ff6d23037223fe3ace222f29288b5,0
7dde9d140b625a4c24007155d0d6d68f,0
7df679183ba43b3e6ae88ca23ff84357,0
7e42205a85b4887966218cca4ec0b2d7,0
7eb20d7da4127e721e90558dc9e10172,0
7f96bf9ac91f6f99995ca524459b82c7,0
7fd9c91d226f8f6de55bb3295bfaf82f,0
80ae53fe02063524e0de7edac481ee96,0
815015ff390b91276730fdfe6c405791,0
822ee1cfce2dc19a9e4f6be5b03653f7,0
837546cb08e6310fcab263b4723043f8,0
83db8aff6fd0fdbd336b2ba2a1e5f8f8,0
854cd8eb5e3504b14e3e85714752b850,0
868e9ad69d2813bdffa73149af093c6c,0
88193aa6dec824256cf2c2d91c43d1e9,0
886c861d514eebb412c9371c3d88b29f,0
89a2510edd9dcc30a2d854b739eb21ee,0
89f3696361abfb0138b38df32b7132e0,0
8a16745da24a4fde22b2b59776a2f26c,0
8a92644db54c81e0dbd0d8a91c34aea6,0
8b2eb22b26c453a5644f3a717158811f,0
8b2ef71291c6d795dbe52179767ca075,0
8c96a628f65c5ced25b3a1c9d41fce55,0
8cb8fda238123edcafc6010612867f44,0
918e1c67947bebb2f7c789593e528a98,0
91aaf4e60cb4ad5c81b0f48702379238,0
92e7bb5560673c208c58480676528c01,0
931f49ae09e674a61402bdc5a20b3e1e,0
93a5c25d7440954d60c0d5eb8c48c9bb,0
95646a7e9c4f7d9f5e908553ca47bbaa,0
9691ee50a941a9321e409150ad8ab4ed,0
96afca61417c3d9d652c0dad07f13dd0,0
9a0203df20c1a61f98fe4dba309e7350,0
9a09398ec6c8d3f9402cf8f33f80caa7,0
9a3a5e4d8d95440518fc425b15c89b31,0
9b31ead1e6fea3a94c2b506bb9e2d48b,0
9d4cbc4203b25c1cda8d53d8acce5f5c,0
9e2e679fa56eac38f3e5322c0f3a964a,0
9e9134ffbe85642dd77f8ef33d181817,0
9ee32acf7a0bcf23c03c3abef8433831,0
a0218e8b42ca8683327c8895c1bf1dea,0
a09180f2f8cd0a4e4254b152369a64a8,0
a0dcda19a2b1d91918b4f1905d0af08a,0
a221b36b5797811677c654ab586ce6e1,0
a282b74c92c249bb5dbf7db2e8df1bd8,0
a2f686bc6169e489cc2aa7d65d8269c1,0
a45dcfdae267856e51475045d5688079,0
a784b6963747c0a56747e084ccd5d1e6,0
a7b0e568c3394e22310285f8b2d94085,0
a8947877c4f2c6e1a139b2294aff8397,0
a9c7792b48da2286071abd89dbd5710d,0
ac2d5600265593c7d0ecd5630e4e8937,0
ac7c331327917a445f323d34a2fad905,0
adadf9da7ba741af49bd9b6b519ca03c,0
ade4ae9615d53154e52215a9f2776f02,0
aec533742ce69a29b8149675c91dffa8,0
af0c787a50b9d64bea69f8702e7c6705,0
b025eb855fb75d32bbf99f8d25ecd7c2,0
b057166f6e9aae6050d215095fc2c056,0
b131cd9a2ce15d7ea024a21183a9df09,0
b1963acd23739e38cd9ab300ae6ec9dd,0
b1ef8d39ead4ac7cfcfe07582a421c50,0
b3500dfa76ee2a564057ad9781b9a6a7,0
b3fdca4e013dfb0aec456da73d61dad8,0
b4ca3c7b33c3398e17878a240c5829b8,0
b7dc1b208c2b32ffb267c73459e902f4,0
b820b9c08030fe8feaab6fc8694ba9ec,0
b8d4e85355805a4732384ddc5fe049ba,0
bb165b369f638740a7331c4dff3cd706,0
bbcce345410657d0265b8f6283aa9397,0
bc03f78eaf181356eb2f7eb7c94cd755,0
be74631da9a001f8d208dd7d5d7b324a,0
bf0719c79a8b0057f84039b6602fb7f5,0
c30297e7b7844b777770df1d9d24838b,0
c48a1571841416f492ef0158dab85150,0
c4ab5e7d88f80002a6f676b6a1bb1fa9,0
c6171106cdd5263f7297853f52dbc220,0
c69c1048510e64a6c46d882d127bbe6b,0
c74169ac4230fec56ba2f97f6ef31a57,0
c7e393602f9dd50fc8572c345da425f0,0
c8d2c1fcb5a23b8ca27f679fdf9bfe8f,0
c996708ddfc84f3b3632353d6f7e218d,0
ca8fd4c77a6b15c7802d1101029d943b,0
caf7c73857ddc31df7000ad018267341,0
cbdd13d3c78aa5a02acc326dc1c7788e,0
cce0c57c9c3be97ca214b1a80be1ab6e,0
ced8c2affef64534fc484b65e40cd0a1,0
d0d29662506af3a8d8e0b5fa7759079d,0
d2b49a99c76c5243fd5080dec30f4938,0
d31cf39d093610bb586e2a64539c3841,0
d448bf84083a868c6b8911d9df163049,0
d5d5c927a430a72e22145426e6b2158c,0
d6460fedf3def4273d09b9768700c1f6,0
d64f9ee10187ff5fd147a0414ef8af87,0
d6586b38e27057e5e8180b93b6ae246c,0
d880be177f02b262ed01a3095d79f7ec,0
d8c95a335ef449495456c8ea14af98b6,0
d8e45f9c2ee9c4a6b34b02f0c72b08d3,0
d8e7cdc7d872132430415b16516d8b03,0
db3e1ebcc02079c6a54282b1d42661e5,0
db7cc6c55c8a6adfd7e25f1da604b4dd,0
db99e33025beb9542650be4560e565c6,0
db9e9315aa81feec10d1e49801f0c50e,0
dcc2423f776be7834d085e05a02d8855,0
de2604ebf21b464efe422afa09384d6c,0
df988854816aeab19655fe689bef34b6,0
e01b28b51746be62fef7fc067c58c6cb,0
e06bb097ca8b6f78c192475b197b8671,0
e0c1e043c5b12eb471c57776b08f6e95,0
e21e041fd37c5795610505b6696c9ff9,0
e22adef7deeea0a652fd3f8a3065fbfe,0
e3052a18ef567d427c327057e883c114,0
e306c7e5276fda384f63d19c700cc724,0
e337e2824689b8fbcee90e2944e465bf,0
e3f149151f13a18aa6feb2695bf48710,0
e686e421a59e7733434a27de2f358ce4,0
e69fdca9d0ff9e12275c65af1afbe831,0
e713ae10cd63dcbfb0b0e269bdfb4388,0
e748a44f18aed1065c90a335151ab18e,0
e8d0e0cfe9fa561d44b9d9fa4c817ada,0
e9ca7dd1a2a2b25536b76cbb2fbe6dd2,0
e9d2d965d97a4c3ad02db8249ce130e7,0
ea4ac9b2f088db447b0c2edfd0fd29dc,0
ea5337f52ed5a3d90f5ecb361598ed53,0
eb36de9132e7948702b5e2ac704fc717,0
ee165715fe420fba9ee882423f558b90,0
eea49f841192f6a690a1c58e94158ac5,0
f105d9359b8f73c1d1c2f0478742f6a7,0
f20838d485b720b6490a444a57346d39,0
f3710e67f227d3af688ec0c1d5b2045d,0
f4ff8120550bae76b6cdd5c05a7968ba,0
f5cf155c28639f4e40008a1b703a8bfb,0
f61ad6f7a2ec0308cde064a98843113c,0
f83c2b80f22bee5091265769f7d55437,0
f84c010023cd84cece4033a79a3d5aec,0
f9e03a21cc229848919d2e824b48daa0,0
fa407db878f99f388808920f64436a6e,0
fa4c2616ae58876fc6c5fae5e54f4d81,0
faf7b646c2dd26ab25e0cca6abeb58f9,0
fb0295e0714a176674aa401e12f96d59,0
fb82e706ccdae4d08edd861048c3c5c3,0
fb8c57eabfa334a2b7fdc510bd439a73,0
fc1310fc11b9299230c78f96c0d0c33f,0
fcee9bf63ecdc36208b8323242d0892f,0
fda2bca8777284328d3dbff2a44e9dda,0
ff1d85fd739afc0355ec16805525caae,0
ffc53061b605a8840df2c4afb24064a8,0
000ee45b686d3586c03a947590b731b4,1
00d4a2869eddc06e068d1eabf5e443c6,1
0154eed43b691426d642bece8d083541,1
01dea7ebd8e835ae53a0718e686fd681,1
029523c9a1647753e5bc2cefe005dd9d,1
045ed1e604923bb6ac58852acb241a6a,1
04ab1e25240beff6690b353dbd94badd,1
04d33f4bb14bcfd5dac6ad42368dc7ed,1
0507c3e231be7387c01ae5157e950f34,1
056fe3ab2c78f168a450dffcefbb219a,1
05825a813de75fc2da8d6efe00877fea,1
066359dfbf8860ba036de8c821b5c7d8,1
06b4d62ad37740aba1cce0dca5776d5f,1
06fb9485c6e1bfcf4a75be249b363c0f,1
09caf499d042fcc1aae1ac8ab8a0cc00,1
0b9700d7a7998d2edae3b0e3520a1a66,1
0ca9daf82e5f23533b2bb95852f38886,1
0d2c8fc6741f46bcfd303c4adc2487a7,1
0d6d4785dcf9e1e4ed0a69fe1c4e4b10,1
0f9b07cada4f276e55ecf3691798c5fb,1
0f9cf22cc9025dad42b0b811d4a836b3,1
0fc5cc35612975ca7bdda7b1e7a29a94,1
0fe8bb2e7023869d205e17fd7c8e4029,1
117bbc69a89ee84643e59f40ebe1a881,1
11a6dc87bd62edb69125099af4d146de,1
14288ae8f6fd7ce2f8eb1c53431780e7,1
152825e73789fbe9e6fb499237471549,1
180810049d8fd7f5cf660a27a6e53173,1
192b9e2cc51235721c21be58946aea60,1
196849d84e1406429afb96812a439cf8,1
1c48329975f65b4201be2ec361b918d8,1
1c9b4623aa5f72567b2e742fd42c7080,1
1ce4196f39f3920ad8ccc05ee0b667dc,1
1d9f455e24f3df39acb8844e7b748746,1
1ebcf2b7bb743e5fac5009dee415fccc,1
1fc341a54b87df453ee30c2653e9dbf1,1
205f4cf1c1ad100a71aec2e495292b80,1
2087059793966b5dd0ae385d65199ce0,1
21bb8bdd14a0f1c43b56df3d7d735b9f,1
22d856c072ee4f66292289473d260abe,1
24e57bda352dca6237d60d0dd78b8430,1
254d8f2b3eb0e9b4c050f67d26aba66c,1
26b5c4f5122c58f44866c235002d3f49,1
26bad1dc83c71bfc171a6d812da96cc1,1
274ee0ac670cd21664042389114293d6,1
274f693aedc03e7c59a51f0081a3c4da,1
2895ba9af6bdb2b634be3fbed31aaaf7,1
2a33acd7880e03c9d1eb116f518113a7,1
2b0e76325bbbd7c0695ef401bbb5913a,1
2bf418227fa20507117685739ecd70c7,1
2c4c6c784e32b8c4abd926a2666901e0,1
2d52b84a36bfdea08cb5aaccb74f7551,1
2d670571cd661df864e8910b954c7b1f,1
2da7a92090bc60fd6abf7850c170349d,1
2dc3df71956c131217219fca1b2cd48a,1
2f352baa680506a1b17eef9af7934d2e,1
2f4e7077a30a9ad946ff289eb266c496,1
2f6d55d8241bcff6e1dee676487ad8ce,1
2fe673ed75dacc1e132ae7c1fc0d3c27,1
306640fe93c4382da5a93599f87d4274,1
3081299db6011173e7c3850ecfe6f8db,1
30c8d8a2519bb2ea6630aeb7132500c0,1
311874824d8e94eb421e9c4dad154bfd,1
313029a3c4d20fd154d01821210ab800,1
3135282ecc8bed56de9a50ec12bcdf9b,1
3288012a60c75a075f682b85439c6ef7,1
339f4fec096b579055020e56bd7d6849,1
34a91e5375f39fe3cdb0a07bac376270,1
351a4dd83547df49f4194ba8e4629d31,1
35e9967a12c56082a546cf07bb2da4cc,1
38c82e633829e23d160ae879ea50436a,1
39c74636e6bf8743ad1272e0ee0e25fd,1
3a4394cdfe53b8cdab4bd136d1055efb,1
3b3921e8d737d0a4975d6044d72044a7,1
3bcd09b212eafeb0d269225409f8ec57,1
3d17cac30b82147be7d398ceebda292f,1
3f3c11039c87a1c926cfb75d634b2e68,1
40995644f4dfb1e15f58bb21044c6408,1
415dea6e8dff154f494836457313a333,1
441c222fde51c54b8bae6f4bc09c239b,1
44aae231bf1d831fc2e20efcf7d369fc,1
456705c24c0217292d66899197eb5173,1
466988ce37a3b7135566f3541e379b5e,1
4755579b0a98c9acc243fffd9d94ae0f,1
47985e639e852be820371039ff12b188,1
47e6b3d28bb50a2005b7864975db0d6a,1
47f2817e6c27c75f043c53dfc579656f,1
499453e81f9f521d3238f27cedc42c03,1
499556e5551c8c892b4365e61a9251f2,1
49d1a7171119239c2c381f841db65744,1
4c12f6525786ef64235e47111af17f3d,1
4c9779e1c6d06ea7c801f9cf0f2183be,1
4da73f21f27aee29db72b6e0e27871c2,1
4ddf43c0603a17dda5f9e07a0b704b12,1
4e89c160bf02433ab71c27acf6eecac5,1
5041afd2c9fd94a67161b21b8cd37609,1
50cd344b1defad5f90872ee7d88a875b,1
5177866925e4c9456ba85322c9dae582,1
51b16b6215699cd6cff5129ccf9556ee,1
537c7a74e896ca8350246605fca54b4e,1
54749129918b5eab9f9d1cfa38a85e87,1
553304ca7dd10fa818b7ffb7aa8200d7,1
554ea0ec49677de743bfa40dacf9b3b4,1
564c2cf64f7375c69e54c0d0ef969d89,1
56aa4daa68dc00902c9e96ecbd367000,1
57696ce4b8fc7be6669a26eea5b3d170,1
57d0e9a6cad0bf76f792ca9afdd617eb,1
5a33a5362d5b984016808521e86b4981,1
5a3c49347c8c36f81fbe10639498b747,1
5bfd12f1e545759ff0e9f61a58354688,1
5c03c9b2b6ca1fb7bbf642a5327d8e38,1
5c80f6dfcb92d4d28fad15e4ba89f097,1
5dfc437f19271769f3433d38eb0fba85,1
5e22cfa36502395adb0d7203b365f832,1
5e8954940034c459e77337efa8480748,1
5ee12f3de99fd96f39120b2fa532be5a,1
5fdc94c9fa3f83ad40f5b8742dbda4a6,1
60086a62e244607513e9467f424e30b5,1
61178c8cfa8079c2a3daf2ecce573413,1
614320d41615d60031facae8b099fbab,1
61950ebe6d6255d8abf1b2a709d9ea10,1
63a2590bdc25f0f3dfe2e94256f423f2,1
644bdca8555bceb2091f2a6f8e2018d4,1
6467b140f1347655222bf8d27f28ffed,1
65a0ee1b70a89b1c99b17d71246b4398,1
66672f29dea9b1cb7040a04a28911fcd,1
668019cd67c45d5a1adcdb1bc0f5d015,1
682fb135d1802a2b96088e6d48305f45,1
683745a2baef7f98650a62a6f1124491,1
68d1179bb96d15e7692903b436b85b88,1
695ae533d679d7989c8c55a9c14ebd9a,1
69843a3810ec4da72be0928796ab3dd2,1
6ac9f28f6194bd1550dc4cd4399f4a61,1
6c74e7b76ea54366af289025a594c1fa,1
6cc334c32a727d6f10a70bbfaa65db97,1
6e7832c1e85560152c311d6ac0cbf176,1
6e7fad048ae4ca52be34b30e811687ef,1
706cfd342b1ca6425845e8f079709b4c,1
716e4b1631d5a3eeac0ae6628a70ffee,1
71b4748ac027d3821f0700eb86ba64a8,1
7217abfc3c6fb077b27eb354971ad81a,1
7346a14c8c929657e1f8f4785c6be36c,1
74311a0d9cf55883b2ad52d6f9fa1021,1
74d9de4f960523a9422257a3b530f06b,1
75c81d9cf03ac22c5992dc10f7a4a140,1
75f93ea3c1aa53c21031fdb0d3ac17f5,1
767f40a58cc77a43fcf34b4b4ddc76cc,1
768100274a8fde818b31f26845c4724d,1
76a22cd818d6d9d22b5a2bb94f1c769a,1
76afd0bf468aea76be0a07a90c9c4446,1
776a2b314c39bbf6bd641c1ea02f217c,1
77d40b1d1982ea94cdd4f750553b3cb5,1
77da87716445ff05c310e2ae7c8b002c,1
7a081fa19f70d2c59984f79d6a78e123,1
7a0afeadcd2603c1a8c231c5bd097d88,1
7abd81cc2de1f17a7d1a84be80e62c26,1
7cc0329413e840ca32622079681ae462,1
7d01bf1581f625ae25efed74f97d49a2,1
7de32157db296d4adb16e60b4db327bd,1
7f6e47bef2e237372a9d768b21b8703a,1
801112133bfbf33113ecd76b89a68329,1
802f779524eb2b493474f95594367a22,1
815485174e5e2a109f0b470fabb9afa8,1
82212d43acf97db46ececcd1bf329f86,1
828ee470b92293ee5c2d77625016d8ba,1
82f48656d023ddb2245de3d1299810f8,1
834a1729d3ccda7f7659f63a7edb0c51,1
842385f8b4330d09418d565081192ce2,1
843deb7919e71f5192c5af27afe20e7d,1
8534cbf00427f935f009562df729e368,1
866553cef5f719333ec00593c3a9d455,1
8727c547e4ce5e26e0b7363adaa22778,1
87ec45c98d15b2c895d7e2f9544ba80f,1
883ba82a553dbcdb18f6f597de888b7c,1
8b209f775a1c4c3ae61450ae9c855615,1
8bbd4478dbff006c74c824083219fd83,1
8ec382694dec1d9940fae8c93a4095ac,1
8f9b2120b241040ff14af75dbd949cdb,1
90a89681ca38d0049fa6602e4a66b843,1
91981ed9ed340387714c4f9acc959ad5,1
91a6b9875322d9a0a18fa8c9ed0dfa1f,1
92e75286fbc7c42f3603e864bbc707c0,1
9328b2ea2c084b094f9dd7ff5af3ae1a,1
94e5263336639a758acd1ad285aa736e,1
95b991a41791e623cbb9a4152cfad6c0,1
95f2e58ada720ef99ad0326b4c4e43d5,1
9610476a66d06da25c2078f01bd762ca,1
964f02b36eede6ca182f8109c66a45aa,1
97cec519e8e4dc352da5f8e61c59b1cc,1
98df64b11d0bf20ee8df05d32e5ecd30,1
9aa66879dc238d5c4f7ef1a2e90f2f1b,1
9cd241f2600b533033b45fea0ecf2bf7,1
9d38e08a3bfb0446c49824d9aaed5d62,1
9e2262711a1c7045387128e64ade313e,1
9e307c9fe30ff1884ed0965ee3caf549,1
9e4b609b766ee8c751d61277fa622b13,1
9ec5861c925846d1b6245a7b2728b787,1
a0001a8efe5764d3f03c9a710f47be36,1
a327efaa0381cb02ef766b841adee772,1
a626b801c8187573dd6795821b142966,1
a6283171a403d8a454673db33b573686,1
a7c6cd8f3986b0eb9d8018d6f3ab87c3,1
a8ba0760d14fff93ea817b90a4b4399d,1
a93b6623689f7d5eb653c51cdb82b1b5,1
a9ef0c13ca98a15d713ba14a0ec17bab,1
aa8bb38388a4a3cc7c118fd234d9c5bf,1
ab4eb9e22429afdbdf9c3d3059808704,1
ac4023ea875c8db228b966603a9f0c7e,1
ac57bf871a3a57a15ee6d7ce830d861f,1
af2f5600136f8eedbb0e7d71da06b0d5,1
af4d40b343fc122df1b1291138657e50,1
af5f0bb92c9792979db69478a59f97c3,1
b0b6328679f0f5ba8730efe528b50fdf,1
b117966b0c715a6c0c6f1e03bde755dd,1
b272431dfb206c3207eb1aa4b2a7d5a0,1
b2b4ad77758b8a7e11332c0ebda6cfc9,1
b2bfed1273dd9c16578049a332da2500,1
b36fbd9f78df7ffd3f4324377e2bca65,1
b45526f23888fbda5b9a8644b657ef8e,1
b7bb10242aa0a1403d3b6194ebc04f62,1
b861108f4a2b8421a5184bfd113bfa1e,1
b8e56b82c15cd8d7dce533407b01c2ca,1
b97c2a76a0407b86ceab5531ac9cd9b3,1
be2fbace258088e20e72478630c2aea6,1
be5c2da93fbd984ead557f6d12768f01,1
bf38a58c36dd6f08077b078f15ebfb22,1
bf9d5163f49b01568ed6525a03e86bf6,1
c315b499fc55e11e85e84435dc69aecb,1
c319a876bbe7d632470d270ff3ddcfec,1
c3647b737986bb3957e0f77da3771588,1
c3b333450c30292b08487fc882be3969,1
c4bbdd0dfe973ac1d2ec964269d501c7,1
c55d1351b5c4f3478cc96dbb6381d269,1
c61d19948376390c2986e7023de091e2,1
ca0b1ea47f050566d4772db8912c7722,1
cb1b5130b1672cb1fde639fe0ab6fa95,1
cb37732784605a3739102d3eae3cecee,1
cb3acf3ba59abdac0213d2fd4975433c,1
cb4a461b7ae218555eb3976ec75c327b,1
cb88bcfb2cb584dde13470722699dce5,1
cdc76e000099771707b857e3e290bd61,1
d05ba33b6eda9c0017c1542b98f09a35,1
d07b6960e3921d85cddbe7abaf7199fc,1
d13667e8e393c6e824da6894abd66ffd,1
d1495988bb29d5fe620ada281a79a66c,1
d2bdb6abed05edc40ab22881421ac873,1
d39b00b6862d415ecd8d1e7c4a2604d7,1
d5801f2c7ce1733032422cdac25fae2a,1
d5a31495ca865f19fce1dd6bdc30c321,1
d6eaf4ee61f01ff116d311b5d6a8ad8c,1
db54e935c2094b704950ec55b83b6767,1
dd52e8b6aaa011bed425d06becd534c2,1
ded6a08ebfad6c236cb4a1a1ade55b80,1
deeec90f7fc38818887988610b915386,1
e045bfcaf1a5dbc0852ca29f36ff637b,1
e13e5508626b548e2780b95ae3669139,1
e2c3e45a63e2573cff6bb0eb4e62435d,1
e3b428badc1308fdc3d5720ae6db5593,1
e428e9b915cf373a4a78b1a7663495c4,1
e4596cf6dd82f3eee76d3b17032fc816,1
e5dc2d880d2300c947d272500bfa6950,1
e7585b147debea8d4df0bb34881c9313,1
e8a334f88d322a5218ea5a58acc77752,1
e9405959f33e7b5ebce96309719ce365,1
ea56daf053b7232ab3e420882e5fadde,1
eb53b7f490a7d59c203e77741c01ead4,1
ecaaa3b612f6f7693ab08dc9f60748ce,1
ed2fd2f328197718bb194b695c6d5620,1
ed9fa40e5f31cd58da0f001236c3c0ac,1
ee056ad6c3e5735e5fd09c2c83b9efef,1
ee1469d3f0c3b170c5dd04fc420d7646,1
eeb13f215eaebb6f705efa441268ae95,1
efac5c44bde829f02165f1b44770794d,1
efc3588dfd4d956961752ff130736023,1
f3018dee8ec814caae05f160eab0b447,1
f39f5120733f6ae859d2c73abb111378,1
f4e1d98ce0a5fae404c7479a58bf526c,1
f556fe9504eb770092a613cc6c856974,1
f6730ccfe7d4bde6e0fd65a68d16ccf8,1
f77915e45b8483ca4bff304c5d0c9d75,1
f7e738b66cce95426b1365786b5437a2,1
f8c6b6fd0799deb60966bee85f4074b4,1
f9716548156f55ec098ecf30ae8beecb,1
f9f9590d7106fe01d490124e82d087fd,1
faf59cd7cf67c3443d4a75e2a25fe318,1
fbdc927519c3a2b9fc751819e0bdf4bd,1
fd20a9b23a51f578ad7f4c798ff60f3b,1
fe02d0af3f57e7bf4944add1040e405e,1
feff8137f97aa2e21e6c4c5b19cc6154,1
ff0f7637b755e148cc533e409ba70258,1
ff223bc53d2e74596280f5e0387ae21d,1
ff8448b06933226de0003dc72c6d35e6,1
ffb7b5cd87413e4d51c2156ab6e8a31a,1
