file,span_count,rule_matches_sum,rule_matches_per_span
34d1bea48deca314264d805be560c03c.json,8,1,0.125
T1001+T1001.002.json,20,9,0.45
T1003+T1003.003.json,48,21,0.4375
T1003.001+T1183.json,93,81,0.8709677419354839
T1003.002.json,94,29,0.30851063829787234
T1003.003.json,39,25,0.6410256410256411
T1003.004.json,37,13,0.35135135135135137
T1003.005.json,15,7,0.4666666666666667
T1003.006.json,19,10,0.5263157894736842
T1003.007.json,11,5,0.45454545454545453
T1003.008.json,11,5,0.45454545454545453
T1005.json,14,6,0.42857142857142855
T1006.json,14,6,0.42857142857142855
T1007.json,30,13,0.43333333333333335
T1010.json,18,7,0.3888888888888889
T1012+T1592.json,91,39,0.42857142857142855
T1014.json,11,5,0.45454545454545453
T1016.001.json,29,9,0.3103448275862069
T1016.002.json,15,7,0.4666666666666667
T1016.json,87,41,0.47126436781609193
T1018.json,1936,736,0.38016528925619836
T1020.json,18,11,0.6111111111111112
T1021.001.json,34,13,0.38235294117647056
T1021.002.json,29,13,0.4482758620689655
T1021.003.json,17,8,0.47058823529411764
T1021.004.json,18,7,0.3888888888888889
T1021.005.json,11,5,0.45454545454545453
T1021.006.json,23,8,0.34782608695652173
T1023+T1547.009+T1552+T1552.005.json,19,3,0.15789473684210525
T1025.json,16,7,0.4375
T1027+T1027.004.json,29,8,0.27586206896551724
T1027+T1027.013.json,19,11,0.5789473684210527
T1027.001.json,11,5,0.45454545454545453
T1027.002.json,15,10,0.6666666666666666
T1027.004+T1033.json,44,32,0.7272727272727273
T1027.006.json,15,6,0.4
T1027.007.json,21,11,0.5238095238095238
T1027.json,39,19,0.48717948717948717
T1030.json,16,11,0.6875
T1031+T1050+T1053.json,20,8,0.4
T1031+T1050-01.json,37,7,0.1891891891891892
T1031+T1050-02.json,3,2,0.6666666666666666
T1031+T1050-1.json,15,6,0.4
T1031+T1050-2.json,95,57,0.6
T1031+T1050-3.json,5,2,0.4
T1031+T1050.json,30,5,0.16666666666666666
T1036+T1036.003+T1060+T1099.json,58,56,0.9655172413793104
T1036+T1036.004.json,24,12,0.5
T1036+T1036.007.json,43,38,0.8837209302325582
T1036.005+T1060.json,29,12,0.41379310344827586
T1036.006.json,11,5,0.45454545454545453
T1036.json,22,10,0.45454545454545453
T1037.001.json,17,10,0.5882352941176471
T1037.002.json,11,5,0.45454545454545453
T1037.004.json,11,5,0.45454545454545453
T1037.005.json,11,5,0.45454545454545453
T1039.json,16,8,0.5
T1040.json,32,15,0.46875
T1041.json,20,9,0.45
T1042+T1053.005+T1204.002.json,69,34,0.4927536231884058
T1042+T1548.002.json,6,3,0.5
T1042+T1552.001+T1548.002.json,86,51,0.5930232558139535
T1046+T1048.002.json,21,8,0.38095238095238093
T1046.json,43,20,0.46511627906976744
T1047.json,63,34,0.5396825396825397
T1048.003.json,26,14,0.5384615384615384
T1048.json,14,6,0.42857142857142855
T1049.json,27,12,0.4444444444444444
T1053+T1053.005.json,51,22,0.43137254901960786
T1053.002.json,15,7,0.4666666666666667
T1053.003.json,11,5,0.45454545454545453
T1053.006.json,11,5,0.45454545454545453
T1053.007.json,11,5,0.45454545454545453
T1055+T1055.002+T1055.004.json,141,3,0.02127659574468085
T1055+T1055.004.json,39,8,0.20512820512820512
T1055+T1055.011.json,16,6,0.375
T1055+T1204.002.json,103,33,0.32038834951456313
T1055.001.json,30,13,0.43333333333333335
T1055.002.json,20,6,0.3
T1055.003.json,18,6,0.3333333333333333
T1055.012+T1204.002.json,44,12,0.2727272727272727
T1055.015.json,22,12,0.5454545454545454
T1056.001+T1059.001+T1059.007.json,16,10,0.625
T1056.001.json,2,2,1.0
T1056.002+T1059.003.json,14,6,0.42857142857142855
T1056.002.json,2,2,1.0
T1056.004(2).json,2,2,1.0
T1056.004(3).json,2,2,1.0
T1056.004.json,14,4,0.2857142857142857
T1057(2).json,42,20,0.47619047619047616
T1057.json,2,2,1.0
T1059+T1056.004.json,18,12,0.6666666666666666
T1059+T1072+T1070.005.json,14,8,0.5714285714285714
T1059+T1082.json,6,4,0.6666666666666666
T1059.002+T1106.json,6,3,0.5
T1059.002.json,12,6,0.5
T1059.003+T1069.001.json,30,14,0.4666666666666667
T1059.003+T1110.003.json,4,3,0.75
T1059.004(2).json,12,6,0.5
T1059.004(3).json,4,2,0.5
T1059.004.json,2,2,1.0
T1059.005+T1056.001.json,34,18,0.5294117647058824
T1059.005.json,2,2,1.0
T1059.006(2).json,4,2,0.5
T1059.006(3).json,10,6,0.6
T1059.006.json,4,3,0.75
T1059.007+T1059.006+T1059+T1059.003.json,24,12,0.5
T1059.007.json,4,3,0.75
T1059.010+T1056.002.json,21,10,0.47619047619047616
T1059.010.json,2,2,1.0
T1060+T1547.009.json,5,5,1.0
T1060.json,5,5,1.0
T1069.001(2).json,2,2,1.0
T1069.001.json,24,14,0.5833333333333334
T1069.002+T1069.001.json,70,32,0.45714285714285713
T1070(2).json,18,10,0.5555555555555556
T1070.001(2).json,20,10,0.5
T1070.001+T1105+T1091+T1059.001+T1112+T1070+T1078.004+T1087.002+T1070.004+T1074.001+T1090.001+T1087.001+T1110.003.json,180,89,0.49444444444444446
T1070.001.json,4,3,0.75
T1070.002(2).json,12,6,0.5
T1070.002.json,4,3,0.75
T1070.003.json,2,2,1.0
T1070.004+T1070.006+T1071.001.json,33,13,0.3939393939393939
T1070.004.json,4,2,0.5
T1070.005.json,2,2,1.0
T1070.006(2).json,26,14,0.5384615384615384
T1070.006.json,2,2,1.0
T1070.008+T1113+T1112.json,10,6,0.6
T1070.008.json,22,11,0.5
T1070.json,2,2,1.0
T1071+T1078.001.json,18,8,0.4444444444444444
T1071.001(2).json,2,2,1.0
T1071.001.json,20,12,0.6
T1071.004+T1078.001+T1074.001.json,32,14,0.4375
T1071.004.json,2,2,1.0
T1072(2).json,2,2,1.0
T1072.json,20,10,0.5
T1074.001(2).json,6,2,0.3333333333333333
T1074.001(3).json,8,4,0.5
T1074.001+T1070.005+T1078.001.json,36,20,0.5555555555555556
T1074.001.json,4,4,1.0
T1078.003+T1070.002.json,33,17,0.5151515151515151
T1078.003+T1070.003.json,32,14,0.4375
T1078.004+T1078+T1070.004.json,18,9,0.5
T1078.004.json,1,1,1.0
T1082+T1095+T1106+T1112+T1087.002.json,165,79,0.47878787878787876
T1082+T1112+T1110.003+T1078.001+T1110.001+T1110.002+T1110.004+T1059.001+T1069.002+T1069.001+T1106.json,181,51,0.281767955801105
T1083.json,28,13,0.4642857142857143
T1087.001.json,24,12,0.5
T1087.002.json,86,43,0.5
T1088.json,3,2,0.6666666666666666
T1089-2.json,3,6,2.0
T1089.json,1,1,1.0
T1090.001.json,16,6,0.375
T1090.003.json,20,10,0.5
T1095.json,22,11,0.5
T1105+T1112+T1110.003+T1110.001+T1113+T1110.002.json,191,105,0.5497382198952879
T1106+T1078.003.json,4,6,1.5
T1106.json,20,9,0.45
T1110.001.json,22,11,0.5
T1110.002.json,12,4,0.3333333333333333
T1110.003.json,28,15,0.5357142857142857
T1110.004.json,12,6,0.5
T1112.json,380,189,0.49736842105263157
T1113+T1071+T1112.json,28,11,0.39285714285714285
T1134.001.json,37,28,0.7567567567567568
T1134.002.json,21,14,0.6666666666666666
T1134.004.json,306,152,0.49673202614379086
T1135.json,42,26,0.6190476190476191
T1136.001+T1136.json,53,26,0.49056603773584906
T1136.002+T1136.json,35,18,0.5142857142857142
T1136.002.json,12,24,2.0
T1136.003.json,15,10,0.6666666666666666
T1137.001.json,9,3,0.3333333333333333
T1137.004+T1202.json,14,7,0.5
T1137.004+T1485.json,20,6,0.3
T1137.004.json,17,4,0.23529411764705882
T1137.006+T1201.json,23,21,0.9130434782608695
T1137.006.json,5,3,0.6
T1137.json,15,8,0.5333333333333333
T1138+T1547.001+T1546.011+T1112.json,47,9,0.19148936170212766
T1158+T1564.001.json,39,19,0.48717948717948717
T1176+T1099.json,101,41,0.40594059405940597
T1197.json,15,14,0.9333333333333333
T1201.json,12,24,2.0
T1202.json,22,17,0.7727272727272727
T1204.002+T1566.001.json,29,22,0.7586206896551724
T1204.002.json,45,52,1.1555555555555554
T1204.003+T1204.002.json,27,18,0.6666666666666666
T1207.json,18,16,0.8888888888888888
T1216.001.json,16,10,0.625
T1216.json,25,13,0.52
T1217.json,27,16,0.5925925925925926
T1218+T1217+T1218.001+T1218.005+T1218.010+T1218.007+T1218.011+T1497.001+T1491.001+T1518+T1518.001+T1491.json,238,119,0.5
T1218.002.json,17,5,0.29411764705882354
T1218.003+T1218+T1204.003.json,28,15,0.5357142857142857
T1218.004.json,75,41,0.5466666666666666
T1218.005.json,3,4,1.3333333333333333
T1218.007+T1218+T1218.004.json,37,20,0.5405405405405406
T1218.007+T1218.json,4,1,0.25
T1218.008+T1220.json,15,9,0.6
T1218.009.json,21,14,0.6666666666666666
T1218.011+T1218+T1047.json,55,35,0.6363636363636364
T1219+T1218.005.json,23,20,0.8695652173913043
T1219.json,42,18,0.42857142857142855
T1220.json,15,3,0.2
T1221.json,13,7,0.5384615384615384
T1222.002+T1216+T1219+T1505.002+T1222+T1222.001+T1518.001+T1482+T1486+T1491.001+T1134.004+T1134.005+T1137.002+T1134.002+T1518+T1201+T1491.json,753,322,0.42762284196547146
T1484.002.json,33,30,0.9090909090909091
T1485.json,18,24,1.3333333333333333
T1489.json,12,24,2.0
T1490.json,12,24,2.0
T1491.001+T1491.json,24,17,0.7083333333333334
T1496.json,10,3,0.3
T1497.001.json,8,6,0.75
T1497.003.json,16,2,0.125
T1505.003.json,5,7,1.4
T1505.004.json,5,3,0.6
T1505.005+T1134.004.json,215,164,0.7627906976744186
T1518.001.json,40,24,0.6
T1518.json,24,30,1.25
T1526.json,32,15,0.46875
T1528.json,14,10,0.7142857142857143
T1530.json,14,11,0.7857142857142857
T1531.json,48,27,0.5625
T1539.json,5,6,1.2
T1543.003+T1031+T1050.json,16,9,0.5625
T1543.003-01.json,6,3,0.5
T1543.003-02.json,3,3,1.0
T1543.003.json,3,2,0.6666666666666666
T1546.003.json,6,2,0.3333333333333333
T1546.004.json,11,5,0.45454545454545453
T1546.005.json,11,5,0.45454545454545453
T1546.007+T1546.011+T1138.json,86,12,0.13953488372093023
T1546.007.json,13,5,0.38461538461538464
T1546.008+T1183.json,59,21,0.3559322033898305
T1546.009+T1546.015+T1546.014.json,66,10,0.15151515151515152
T1546.010+T1546.015+T1060.json,52,7,0.1346153846153846
T1546.011+T1546+T1546.015.json,13,2,0.15384615384615385
T1546.012+T1183.json,33,7,0.21212121212121213
T1546.012.json,52,3,0.057692307692307696
T1546.013+T1546.014.json,67,11,0.16417910447761194
T1546.014.json,7,1,0.14285714285714285
T1546.015+T1122+T1042.json,30,2,0.06666666666666667
T1546.015-01.json,45,7,0.15555555555555556
T1546.015-02.json,6,2,0.3333333333333333
T1546.015-03.json,9,5,0.5555555555555556
T1546.015-04.json,2,2,1.0
T1546.015.json,8,1,0.125
T1547+T1547.009.json,5,2,0.4
T1547-01.json,3,1,0.3333333333333333
T1547.001+T1042+T1060.json,35,11,0.3142857142857143
T1547.001+T1060+T1546.015.json,21,6,0.2857142857142857
T1547.001+T1547.003.json,8,6,0.75
T1547.002-01.json,1,2,2.0
T1547.002.json,5,1,0.2
T1547.003+T1546.014.json,15,6,0.4
T1547.003+T1546.015.json,18,6,0.3333333333333333
T1547.003.json,9,8,0.8888888888888888
T1547.004-01.json,2,4,2.0
T1547.004.json,5,4,0.8
T1547.006-01.json,3,1,0.3333333333333333
T1547.006-02.json,16,6,0.375
T1547.006-03.json,8,2,0.25
T1547.006.json,11,2,0.18181818181818182
T1547.007.json,11,5,0.45454545454545453
T1547.008-01.json,15,6,0.4
T1547.008-02.json,9,1,0.1111111111111111
T1547.008-03.json,3,1,0.3333333333333333
T1547.008.json,4,4,1.0
T1547.009+T1023-01.json,5,1,0.2
T1547.009+T1023.json,6,2,0.3333333333333333
T1547.009+T1547+T1547.010.json,19,7,0.3684210526315789
T1547.009-01.json,6,6,1.0
T1547.009.json,2,1,0.5
T1547.010+T1101+T1547.005+T1042.json,28,12,0.42857142857142855
T1547.010-01.json,7,1,0.14285714285714285
T1547.010-02.json,3,6,2.0
T1547.010.json,9,5,0.5555555555555556
T1547.012-01.json,17,10,0.5882352941176471
T1547.012-02.json,11,5,0.45454545454545453
T1547.012-03.json,3,1,0.3333333333333333
T1547.012-04.json,20,10,0.5
T1547.012-05.json,3,1,0.3333333333333333
T1547.012-06.json,4,1,0.25
T1547.012.json,3,1,0.3333333333333333
T1547.014+T1552.005+T1547.006+T1548.002+T1552.004.json,60,32,0.5333333333333333
T1547.015+T1553.004.json,19,11,0.5789473684210527
T1547.015-01.json,4,8,2.0
T1547.015.json,6,3,0.5
T1547.json,6,1,0.16666666666666666
T1548.001+T1548.002.json,5,1,0.2
T1548.001.json,11,5,0.45454545454545453
T1548.002+T1088.json,7,2,0.2857142857142857
T1548.002+T1547.015+T1550.003+T1042.json,141,74,0.524822695035461
T1548.002.json,3,1,0.3333333333333333
T1548.003.json,3,6,2.0
T1550.002.json,19,9,0.47368421052631576
T1550.003+T1548.002.json,16,9,0.5625
T1550.003+T1553.006.json,17,5,0.29411764705882354
T1550.003-01.json,5,3,0.6
T1550.003-02.json,3,1,0.3333333333333333
T1550.003.json,4,2,0.5
T1552-01.json,7,6,0.8571428571428571
T1552-02.json,14,6,0.42857142857142855
T1552.001+T1553.001+T1547.012+T1042.json,15,6,0.4
T1552.002-01.json,4,4,1.0
T1552.002-02.json,5,2,0.4
T1552.002-03.json,4,4,1.0
T1552.002-04.json,4,4,1.0
T1552.002-05.json,21,13,0.6190476190476191
T1552.002.json,5,10,2.0
T1552.003+T1552.001.json,17,7,0.4117647058823529
T1552.003.json,3,1,0.3333333333333333
T1552.004+T1553.004.json,53,24,0.4528301886792453
T1552.005+T1552.json,7,3,0.42857142857142855
T1552.005.json,3,1,0.3333333333333333
T1552.006+T1553.001+T1550.002.json,30,10,0.3333333333333333
T1552.007-01.json,5,5,1.0
T1552.007.json,11,5,0.45454545454545453
T1552.json,12,4,0.3333333333333333
T1553.001+T1548.003.json,13,9,0.6923076923076923
T1553.001.json,5,5,1.0
T1553.003-01.json,15,5,0.3333333333333333
T1553.003-02.json,3,4,1.3333333333333333
T1553.003-03.json,6,4,0.6666666666666666
T1553.003-04.json,2,4,2.0
T1553.003.json,4,4,1.0
T1553.004+T1552+T1552.005.json,33,12,0.36363636363636365
T1553.005+T1548.002.json,30,13,0.43333333333333335
T1553.005-01.json,4,1,0.25
T1553.005.json,4,1,0.25
T1553.006+T1548.002.json,15,10,0.6666666666666666
T1553.006.json,5,5,1.0
T1555+T1204.002.json,58,23,0.39655172413793105
T1555.001.json,11,5,0.45454545454545453
T1555.003+T1555+T1555.004.json,152,49,0.3223684210526316
T1555.004.json,15,6,0.4
T1555.006.json,30,8,0.26666666666666666
T1556.002+T1101.json,23,8,0.34782608695652173
T1556.003.json,9,5,0.5555555555555556
T1557.001.json,17,10,0.5882352941176471
T1558.001.json,42,34,0.8095238095238095
T1558.002-01.json,2,2,1.0
T1558.002.json,25,17,0.68
T1558.003.json,52,20,0.38461538461538464
T1558.004.json,28,18,0.6428571428571429
T1559.002.json,17,8,0.47058823529411764
T1560.001.json,39,18,0.46153846153846156
T1560.002.json,11,3,0.2727272727272727
T1562+T1101.json,18,8,0.4444444444444444
T1562.003.json,22,11,0.5
T1562.004+T1089.json,83,47,0.5662650602409639
T1562.006.json,68,46,0.6764705882352942
T1562.008.json,53,23,0.4339622641509434
T1562.009.json,17,9,0.5294117647058824
T1562.010.json,27,17,0.6296296296296297
T1562.012.json,13,7,0.5384615384615384
T1563.002.json,25,16,0.64
T1564+T1204.002.json,46,34,0.7391304347826086
T1564.002.json,21,9,0.42857142857142855
T1564.004+T1564.json,50,32,0.64
T1564.006.json,28,15,0.5357142857142857
T1564.008.json,66,17,0.25757575757575757
T1566.002.json,25,13,0.52
T1567.002.json,24,13,0.5416666666666666
T1567.003.json,19,11,0.5789473684210527
T1569.001.json,13,7,0.5384615384615384
T1569.002+T1651+T1564.003+T1614+T1559+T1031+T1050+T1574.001+T1560.001+T1562.001+T1572+T1122+T1567.002+T1592.001+T1620+T1595.003+T1619.json,174,117,0.6724137931034483
T1569.002.json,58,36,0.6206896551724138
T1570.json,25,14,0.56
T1571+T1559+T1562.001+T1042+T1569.002+T1560.002+T1647.json,64,29,0.453125
T1571.json,19,10,0.5263157894736842
T1572.json,35,21,0.6
T1573.json,18,10,0.5555555555555556
T1574.006.json,13,7,0.5384615384615384
T1574.008.json,30,14,0.4666666666666667
T1574.009+T1574.001+T1023+T1580+T1620+T1592.001+T1560.001+T1122+T1574.002+T1648+T1619+T1613+T1060+T1574.011+T1615+T1649+T1562.001+T1574.012+T1652+T1647+T1559.json,253,115,0.45454545454545453
T1574.011+T1031+T1050.json,21,11,0.5238095238095238
T1574.012+T1574+T1122.json,34,20,0.5882352941176471
T1578.001.json,13,7,0.5384615384615384
T1580.json,13,7,0.5384615384615384
T1595.003.json,14,10,0.7142857142857143
T1606.002.json,25,13,0.52
T1609.json,13,7,0.5384615384615384
T1610.json,13,7,0.5384615384615384
T1611.json,13,7,0.5384615384615384
T1612.json,13,7,0.5384615384615384
T1613.json,11,7,0.6363636363636364
T1614.001.json,38,14,0.3684210526315789
T1614.json,16,10,0.625
T1615.json,40,35,0.875
T1619+T1560.json,258,47,0.1821705426356589
T1620.json,16,14,0.875
T1622.json,18,10,0.5555555555555556
T1647.json,9,3,0.3333333333333333
T1649.json,16,11,0.6875
T1651.json,16,6,0.375
T1652.json,11,7,0.6363636363636364
T1654.json,25,14,0.56
ade31fe3973cccc2fb0c8b8dfa821760.json,10,3,0.3
e51041615ba5f0bb07a94c8bbfd46753.json,6,1,0.16666666666666666
trace-000e0007cfa8a5250e7bf2fb974f588e.json,7,1,0.14285714285714285
trace-000ee45b686d3586c03a947590b731b4.json,2,1,0.5
trace-00d4a2869eddc06e068d1eabf5e443c6.json,2,1,0.5
trace-00e04bdbf564c086ea57bb7b9096c2c6.json,3,1,0.3333333333333333
trace-0154eed43b691426d642bece8d083541.json,2,2,1.0
trace-018c2a71fe72ee6b0f55d461c3d6bcde.json,5,2,0.4
trace-01ad45cabf5ace7b7917db4dfe3ed4a5.json,3,1,0.3333333333333333
trace-01dea7ebd8e835ae53a0718e686fd681.json,2,1,0.5
trace-024434893b7ec538495f4837b86a6484.json,16,1,0.0625
trace-024b748a4c3c284b85e2feab73282b78.json,5,1,0.2
trace-029523c9a1647753e5bc2cefe005dd9d.json,2,2,1.0
trace-029ccf4b86dcc7799a68b79ebf1409b9.json,15,1,0.06666666666666667
trace-02d76009d6d3109fc40548617d7649d8.json,24,5,0.20833333333333334
trace-02f9397ec5a5aea107b763d3cf68f17c.json,2,1,0.5
trace-034eb4b1460a52a05c9c5de4041fd080.json,5,4,0.8
trace-03b99acb0bdbb0052c7ce1c6873b9688.json,3,1,0.3333333333333333
trace-045ed1e604923bb6ac58852acb241a6a.json,217,122,0.5622119815668203
trace-045f80fc9539b6f9d89d35aa311a9806.json,5,1,0.2
trace-04ab1e25240beff6690b353dbd94badd.json,219,202,0.9223744292237442
trace-04d33f4bb14bcfd5dac6ad42368dc7ed.json,14,1,0.07142857142857142
trace-0507c3e231be7387c01ae5157e950f34.json,2,2,1.0
trace-05216d8ec0e00f454da67bf785ddbc05.json,5,2,0.4
trace-056fe3ab2c78f168a450dffcefbb219a.json,2,2,1.0
trace-05825a813de75fc2da8d6efe00877fea.json,2,1,0.5
trace-0584e724491f2689d1d89b8c7df397b5.json,5,3,0.6
trace-05db856ab90075fcf54ec6d46747c12b.json,3,1,0.3333333333333333
trace-05fc4d7f59d7b6f8535522ef63b9dcba.json,3,1,0.3333333333333333
trace-066136d7a1af1365d974953c581f4d83.json,3,2,0.6666666666666666
trace-066359dfbf8860ba036de8c821b5c7d8.json,2,2,1.0
trace-06681bfac2146334eebc4bc7f7a66891.json,3,1,0.3333333333333333
trace-06b4d62ad37740aba1cce0dca5776d5f.json,2,2,1.0
trace-06dbcac778d4ee80cbee37a40145a1be.json,5,3,0.6
trace-06fb9485c6e1bfcf4a75be249b363c0f.json,2,1,0.5
trace-07b9233df6d2cc48fa678bba78e9ead9.json,4,1,0.25
trace-07eb6f9b77b5a3af0af675361dc831dc.json,3,1,0.3333333333333333
trace-09caf499d042fcc1aae1ac8ab8a0cc00.json,11,1,0.09090909090909091
trace-0a1c8bf768c727489a11aed9147edbf1.json,5,2,0.4
trace-0acf384bf8062a87b64329e00eadb50a.json,3,1,0.3333333333333333
trace-0b54bc24f5549cdf17fe155151d1ffe9.json,5,4,0.8
trace-0b9700d7a7998d2edae3b0e3520a1a66.json,2,2,1.0
trace-0b9fdcde9f1f88c739de2e9a9b2af954.json,3,1,0.3333333333333333
trace-0bd3fe73a0824719581009eec8089852.json,6,4,0.6666666666666666
trace-0bd7392e0f341a405fe38d18c90580ef.json,3,1,0.3333333333333333
trace-0bf12204890357a40c7c641086790efa.json,3,1,0.3333333333333333
trace-0c44b36418acb30d432e8110e1a70a13.json,3,1,0.3333333333333333
trace-0c84e65ed9119ec6b93e8656e5eb34d7.json,3,1,0.3333333333333333
trace-0ca9daf82e5f23533b2bb95852f38886.json,2,1,0.5
trace-0d2c8fc6741f46bcfd303c4adc2487a7.json,2,1,0.5
trace-0d6d4785dcf9e1e4ed0a69fe1c4e4b10.json,2,1,0.5
trace-0d7a8ca8eaba3d339dac34d3257008ba.json,3,1,0.3333333333333333
trace-0db3cab4ed5032aa879ed4307d2d4d6f.json,3,1,0.3333333333333333
trace-0ded299966f24fcce07dbcaf2a365540.json,5,3,0.6
trace-0f893edcee89f835c876de8e7a35e852.json,3,1,0.3333333333333333
trace-0f9b07cada4f276e55ecf3691798c5fb.json,1,1,1.0
trace-0f9cf22cc9025dad42b0b811d4a836b3.json,2,2,1.0
trace-0fc5cc35612975ca7bdda7b1e7a29a94.json,2,1,0.5
trace-0fe03149b014fbdeee067bc4f25f0c07.json,2,2,1.0
trace-0fe8bb2e7023869d205e17fd7c8e4029.json,0,0,
trace-1153c9176a8036b6bc3a89a2ab6c5228.json,5,4,0.8
trace-117bbc69a89ee84643e59f40ebe1a881.json,10,3,0.3
trace-11a6dc87bd62edb69125099af4d146de.json,1,2,2.0
trace-1397c5f3a9ce11c9c73ec81c99ca67ad.json,3,1,0.3333333333333333
trace-14221c4ab4803dbec74af926553ad7ef.json,3,1,0.3333333333333333
trace-14288ae8f6fd7ce2f8eb1c53431780e7.json,2,1,0.5
trace-152825e73789fbe9e6fb499237471549.json,314,182,0.5796178343949044
trace-1571d00eabae6c7134e51099c88db122.json,3,1,0.3333333333333333
trace-15d5306be6f45143f3c7d2bbdd3ce143.json,3,1,0.3333333333333333
trace-1603a77eb27034ab635ec5e5265b8fe6.json,3,1,0.3333333333333333
trace-1615f6e96d84a2ae19f9b7dbcec5a1df.json,3,1,0.3333333333333333
trace-166b6dcdc25eefd4981b77c4ec8d6329.json,3,1,0.3333333333333333
trace-16bf3ec2651c639adcdbf64142f681ea.json,3,1,0.3333333333333333
trace-16ee03982daca0a6209806065e2acb1c.json,3,1,0.3333333333333333
trace-17bc922ed328fd5ffc573a075676e31b.json,3,1,0.3333333333333333
trace-180810049d8fd7f5cf660a27a6e53173.json,2,2,1.0
trace-1891bbf51baad41e8de3e88f29736ce5.json,3,1,0.3333333333333333
trace-18e4aa17f0baab023c8f10e156e889c1.json,3,1,0.3333333333333333
trace-18ebba1d4c6fcb0b807bff7475872434.json,3,1,0.3333333333333333
trace-192b9e2cc51235721c21be58946aea60.json,6,1,0.16666666666666666
trace-196849d84e1406429afb96812a439cf8.json,2,1,0.5
trace-197f5aadf022a73a2117f2fd63b414e6.json,5,5,1.0
trace-199c30e7ebd49ecd5c5826aa166cd498.json,5,1,0.2
trace-1ba67f46357487ae74b54c06d97a4d97.json,5,1,0.2
trace-1bb542da1389451e1617dd776e142981.json,3,3,1.0
trace-1c48329975f65b4201be2ec361b918d8.json,41,1,0.024390243902439025
trace-1c9b4623aa5f72567b2e742fd42c7080.json,2,1,0.5
trace-1ce4196f39f3920ad8ccc05ee0b667dc.json,2,2,1.0
trace-1d244fc591a28d595d70a6bfe95c56e2 (1).json,35,70,2.0
trace-1d827a4b02af4cff1084fbb94abef57d.json,5,1,0.2
trace-1d8df01bca5dac5b617e7e87038a963e.json,5,1,0.2
trace-1d9f455e24f3df39acb8844e7b748746.json,2,2,1.0
trace-1e12a3ed97bf66b6b18dafdfdb577a89.json,5,1,0.2
trace-1ebcf2b7bb743e5fac5009dee415fccc.json,2,2,1.0
trace-1ee1091223bbf852f36ed7b4bee0123c.json,3,1,0.3333333333333333
trace-1fc341a54b87df453ee30c2653e9dbf1.json,2,3,1.5
trace-202fee6c68c71ee5148b13e0620e8703.json,5,2,0.4
trace-203bbf97f3413e0c736d95d91e6322de.json,5,1,0.2
trace-205f4cf1c1ad100a71aec2e495292b80.json,2,1,0.5
trace-2087059793966b5dd0ae385d65199ce0.json,1,2,2.0
trace-219990ce59dbd268f620b555cbb062d4.json,5,2,0.4
trace-21bb8bdd14a0f1c43b56df3d7d735b9f.json,2,1,0.5
trace-21cc9b9f7bf19d7bce6c11746ecfdf0c.json,3,1,0.3333333333333333
trace-221aef04dcbdf7ef7cf7afa39f1df83c.json,1,1,1.0
trace-2226e60f817ecf439348bdb648d94f04.json,5,3,0.6
trace-22d856c072ee4f66292289473d260abe.json,2,3,1.5
trace-22fc777565a69b77c8bd8c4202f92408.json,10,3,0.3
trace-233025fba86aca11c66f93a702b8ee9f.json,3,1,0.3333333333333333
trace-236d6745b77491c18631808da692fd05.json,3,1,0.3333333333333333
trace-23d25c78efa848440a2d635cbfe74c59.json,3,1,0.3333333333333333
trace-23f26c839f15fe1b7f1ebebc84fd6652.json,5,1,0.2
trace-24868725cd53a55492e4e073d0b5e017.json,3,1,0.3333333333333333
trace-24d00086184c10da7dc31dd2122d0772.json,11,2,0.18181818181818182
trace-24e57bda352dca6237d60d0dd78b8430.json,2,2,1.0
trace-252ae81709d764c3aad3bc04d1c7e7e5.json,3,1,0.3333333333333333
trace-254d8f2b3eb0e9b4c050f67d26aba66c.json,2,1,0.5
trace-2605447d40798f72fef3f341aa315a95.json,7,3,0.42857142857142855
trace-265c7c06e75625da5355a07951726b3f.json,5,4,0.8
trace-26b5c4f5122c58f44866c235002d3f49.json,2,2,1.0
trace-26bad1dc83c71bfc171a6d812da96cc1.json,2,3,1.5
trace-273f0dee84b3387ec204b0e02c529578.json,3,1,0.3333333333333333
trace-274ee0ac670cd21664042389114293d6.json,2,1,0.5
trace-274f693aedc03e7c59a51f0081a3c4da.json,8,1,0.125
trace-2775166b794211f8372b055ecdc21e85.json,2,2,1.0
trace-27e3ac03e87409fdfb5f0b36fd89cff8.json,48,5,0.10416666666666667
trace-288e1e619a791d24f6de4fba9b144a19.json,3,1,0.3333333333333333
trace-2895ba9af6bdb2b634be3fbed31aaaf7.json,2,2,1.0
trace-28b1986aac6c72e312da5175353ce43f.json,3,1,0.3333333333333333
trace-29f5e6ea1f3921a8eef4703d1285d937.json,3,1,0.3333333333333333
trace-2a33acd7880e03c9d1eb116f518113a7.json,2,3,1.5
trace-2a4104ef682952cfd6c39be1ca4958de.json,3,1,0.3333333333333333
trace-2b0e76325bbbd7c0695ef401bbb5913a.json,2,2,1.0
trace-2b7136008a4a131379807de80e2030cb.json,3,1,0.3333333333333333
trace-2b8b6e4521be78a39b8de9375bd3e4e3.json,3,1,0.3333333333333333
trace-2bf418227fa20507117685739ecd70c7.json,2,1,0.5
trace-2c4c6c784e32b8c4abd926a2666901e0.json,2,3,1.5
trace-2c8f4dcb78005a2fcd7d52fd7c7f422c.json,4,1,0.25
trace-2cbb2d55a8ce77058b2d8ff6d0be01ef.json,3,1,0.3333333333333333
trace-2d52b84a36bfdea08cb5aaccb74f7551.json,2,1,0.5
trace-2d670571cd661df864e8910b954c7b1f.json,2,1,0.5
trace-2da7a92090bc60fd6abf7850c170349d.json,1,2,2.0
trace-2dc3df71956c131217219fca1b2cd48a.json,2,1,0.5
trace-2eb55e6792e2279564c75dba2c850b2a.json,3,1,0.3333333333333333
trace-2f352baa680506a1b17eef9af7934d2e.json,10,3,0.3
trace-2f4e7077a30a9ad946ff289eb266c496.json,31,49,1.5806451612903225
trace-2f6d55d8241bcff6e1dee676487ad8ce.json,5,2,0.4
trace-2fd69650741633863cffabeda2846766.json,3,1,0.3333333333333333
trace-2fe673ed75dacc1e132ae7c1fc0d3c27.json,2,1,0.5
trace-306640fe93c4382da5a93599f87d4274.json,64,15,0.234375
trace-3081299db6011173e7c3850ecfe6f8db.json,2,2,1.0
trace-30c8d8a2519bb2ea6630aeb7132500c0.json,2,1,0.5
trace-30ef290da7f05e4cbad5832da33044e9.json,21,13,0.6190476190476191
trace-311874824d8e94eb421e9c4dad154bfd.json,3,2,0.6666666666666666
trace-3128ca319e5f87375e1f014fb378e07e.json,3,1,0.3333333333333333
trace-313029a3c4d20fd154d01821210ab800.json,2,3,1.5
trace-31322b3ebe484f4df0e759317c21e8df.json,5,1,0.2
trace-3135282ecc8bed56de9a50ec12bcdf9b.json,36,15,0.4166666666666667
trace-3170d5b710833d8d3335287161dd4f0b.json,3,1,0.3333333333333333
trace-319778b2689dd016671adb249cd09d8c.json,3,1,0.3333333333333333
trace-31a3dd567e313d83c5776669639b3d17.json,3,1,0.3333333333333333
trace-31e064b2605db9dfa360bb043a8085b5.json,11,1,0.09090909090909091
trace-3253995d4a5ec5bb397cb371a888b150.json,10,3,0.3
trace-3288012a60c75a075f682b85439c6ef7.json,2,2,1.0
trace-32a76973bcaff0c2af599ad5551e94ff.json,3,2,0.6666666666666666
trace-32ad24923aed6cabe8631f14dac9d46b.json,5,1,0.2
trace-32fd6c94e9d25701cf63fac7e72cd239.json,3,1,0.3333333333333333
trace-332abf8d8c4fea17e31cbb8ee6bc5817.json,5,1,0.2
trace-3343232e863aa8730caa7cbcb3760e5e.json,3,1,0.3333333333333333
trace-3358937423b33db26f17ecc4740637ca.json,5,4,0.8
trace-339f4fec096b579055020e56bd7d6849.json,2,1,0.5
trace-33a13e210a9e41839b66c696a7fd8b0e.json,4,5,1.25
trace-33f502eb741a59e170001c90f20f7254.json,3,1,0.3333333333333333
trace-3421bf5e6335d5f093a9023f7066e03f.json,49,59,1.2040816326530612
trace-342878e0cb5ea93285e694e52998da4a.json,5,1,0.2
trace-34a91e5375f39fe3cdb0a07bac376270.json,15,4,0.26666666666666666
trace-34e1a2f7adbbab578e2a286c97d90e52.json,3,1,0.3333333333333333
trace-351a4dd83547df49f4194ba8e4629d31.json,2,3,1.5
trace-35527fd8b831079b87dac8916a6ebd55.json,3,1,0.3333333333333333
trace-35b17da345f3cec6434ec7bc92d676f8.json,5,1,0.2
trace-35e9967a12c56082a546cf07bb2da4cc.json,2,2,1.0
trace-36a85f7009a0e3091f4cc557742a1d7f.json,5,3,0.6
trace-3757b4da25256ed36fba39926f5436c1.json,3,1,0.3333333333333333
trace-37e22eab36df237a8592736116baa65c.json,5,1,0.2
trace-38c82e633829e23d160ae879ea50436a.json,2,1,0.5
trace-38f6045ca62a421d2398228df308b249.json,3,1,0.3333333333333333
trace-39c74636e6bf8743ad1272e0ee0e25fd.json,3,2,0.6666666666666666
trace-3a1ca7e90ac69c9b5e34e3bd5d457760.json,5,3,0.6
trace-3a4394cdfe53b8cdab4bd136d1055efb.json,7,4,0.5714285714285714
trace-3ac44f72aab957112bf17ada7201a87a.json,3,2,0.6666666666666666
trace-3b3921e8d737d0a4975d6044d72044a7.json,3,2,0.6666666666666666
trace-3b735f1b8102e1b039d02c81b32e6f0a.json,4,2,0.5
trace-3bcd09b212eafeb0d269225409f8ec57.json,2,2,1.0
trace-3cb01be186480f30948631c4bd18d3eb.json,7,1,0.14285714285714285
trace-3d17cac30b82147be7d398ceebda292f.json,2,2,1.0
trace-3d76d049afdfa1b3abf0104ab28fbc78.json,3,1,0.3333333333333333
trace-3e7e2751ff03776bc73c25d5e4147aaa.json,73,7,0.0958904109589041
trace-3f3c11039c87a1c926cfb75d634b2e68.json,2,2,1.0
trace-3f78e2cf2cd68a8b203e9758a2ebc6b1.json,1693,745,0.4400472533963379
trace-3f819368f8d8bac5d8acb687c13f28f7.json,5,1,0.2
trace-3faf24bdc79726ad262c246952b66c9c.json,3,1,0.3333333333333333
trace-40995644f4dfb1e15f58bb21044c6408.json,2,2,1.0
trace-40ee5e8a1fd9b0001d271d8bd5adcc1c.json,5,3,0.6
trace-415dea6e8dff154f494836457313a333.json,2,1,0.5
trace-416557baf6f7e1c0c9f707b4b2bfaa7b.json,3,1,0.3333333333333333
trace-41df9fd23b2b938ed0f43ee8b03c3536.json,3,1,0.3333333333333333
trace-41ebd4cc9488a9fb43b3ec21e59c88ca.json,3,1,0.3333333333333333
trace-431994669cad5b6a183f498af2022031.json,62,4,0.06451612903225806
trace-43fd4e176e3a44fb5a5dcb6b2b0c3836.json,6,3,0.5
trace-44062ce20fa71a69c020c7c8ea562e31.json,5,2,0.4
trace-441c222fde51c54b8bae6f4bc09c239b.json,2,1,0.5
trace-444b4624b498fdbfbadbb5c4afb32aef.json,5,3,0.6
trace-446ed42b0dc8371f8c2753d28805584b.json,3,1,0.3333333333333333
trace-4485b4df598fffb874cf4b63045600a2.json,6,6,1.0
trace-44aae231bf1d831fc2e20efcf7d369fc.json,2,2,1.0
trace-456705c24c0217292d66899197eb5173.json,53,5,0.09433962264150944
trace-457bd8357a6c33580603ba8f7b982829.json,12,1,0.08333333333333333
trace-45fcc4fb5d84cae793d6e9adb2773bc9.json,3,2,0.6666666666666666
trace-466988ce37a3b7135566f3541e379b5e.json,2,1,0.5
trace-4755579b0a98c9acc243fffd9d94ae0f.json,2,1,0.5
trace-475e6b7b56b9a699c91068eff7397bf1.json,5,1,0.2
trace-47985e639e852be820371039ff12b188.json,30,1,0.03333333333333333
trace-47e6b3d28bb50a2005b7864975db0d6a.json,2,1,0.5
trace-47f2817e6c27c75f043c53dfc579656f.json,47,1,0.02127659574468085
trace-480aab44e3a13664e36850aa2cc07cfc.json,5,1,0.2
trace-4837121115a9709c259fbabdd72b0319.json,3,1,0.3333333333333333
trace-49009be2e2f176d5af26a24701654e35.json,3,4,1.3333333333333333
trace-49768d266d799963a7b0b70dfebb508e.json,3,1,0.3333333333333333
trace-499453e81f9f521d3238f27cedc42c03.json,2,1,0.5
trace-499556e5551c8c892b4365e61a9251f2.json,9,1,0.1111111111111111
trace-49d1a7171119239c2c381f841db65744.json,2,1,0.5
trace-4a318c1ab5013ae85d4e7668c5005bb1.json,5,1,0.2
trace-4a8cbc27f3dddc72dcc6bb712c939977.json,3,1,0.3333333333333333
trace-4a8ff28e5079dda4754c5955056e778b.json,5,2,0.4
trace-4a9e41d410c149cfda2f519c7fdb07d9.json,3,1,0.3333333333333333
trace-4aa444e25f859ec2e0bde53ab4e168bc.json,3,1,0.3333333333333333
trace-4b8bda05554ab83637c0840ce0ae9235.json,3,1,0.3333333333333333
trace-4c12f6525786ef64235e47111af17f3d.json,2,2,1.0
trace-4c9779e1c6d06ea7c801f9cf0f2183be.json,2,1,0.5
trace-4cc38d065a27798894cb9152fef65faf.json,3,1,0.3333333333333333
trace-4d6eec7564c26d8f016c2b57918f4402.json,5,3,0.6
trace-4da5a474a6a4b6fa75c8fa46faeeeba5.json,3,1,0.3333333333333333
trace-4da73f21f27aee29db72b6e0e27871c2.json,2,2,1.0
trace-4dc4433ba42c4864a5bc90f191fa75e0.json,3,2,0.6666666666666666
trace-4dc5e6fc83e39d21bc8034c3eee2a83c.json,3,1,0.3333333333333333
trace-4ddf43c0603a17dda5f9e07a0b704b12.json,2,1,0.5
trace-4e89c160bf02433ab71c27acf6eecac5.json,2,1,0.5
trace-4e8db1fec1cf980d4ac41be6564c45df.json,6,6,1.0
trace-500ea73c921c4e308d860be1484114d3.json,3,1,0.3333333333333333
trace-503f14603d129e8bd76a70f261c78647.json,3,1,0.3333333333333333
trace-5041afd2c9fd94a67161b21b8cd37609.json,2,1,0.5
trace-50cd344b1defad5f90872ee7d88a875b.json,2,1,0.5
trace-50e877669f605f1ccb6ac3a14cd0d17a.json,3,1,0.3333333333333333
trace-5177866925e4c9456ba85322c9dae582.json,2,1,0.5
trace-5183f8d5a9b70e357a48a33a34f6a6eb.json,15,30,2.0
trace-51b16b6215699cd6cff5129ccf9556ee.json,2,1,0.5
trace-52ae9f17e6c623fa261141945645497f.json,3,1,0.3333333333333333
trace-52c1800a9d9e07d522cf75cec31ec6eb.json,8,2,0.25
trace-52d06a9f20f30d173e56f8c8457fdbea.json,5,3,0.6
trace-530c6ba5b10bb5cdcbe18fe76de7486f.json,3,1,0.3333333333333333
trace-53679e8bf70a35964a6893ac136b6717.json,7,2,0.2857142857142857
trace-537c7a74e896ca8350246605fca54b4e.json,2,2,1.0
trace-540232251ecc201c1a496ff68d2a018a.json,5,3,0.6
trace-540b80efd18eb1df000e81ccc57a1018.json,3,1,0.3333333333333333
trace-543c03420660de4168042b22e7cdffac.json,5,2,0.4
trace-54513c0243a1d323c805ee98f87f4e58.json,3,1,0.3333333333333333
trace-54526b6163b72a15e7bd01af6661d370.json,3,1,0.3333333333333333
trace-546f516d1432cd55cba3ddb0053c2da9.json,3,1,0.3333333333333333
trace-54749129918b5eab9f9d1cfa38a85e87.json,21,1,0.047619047619047616
trace-54db64b28b101e1d7624885f08fb737b.json,6,2,0.3333333333333333
trace-553304ca7dd10fa818b7ffb7aa8200d7.json,2,1,0.5
trace-5542c03076cdcc1ac1ea4eb87b237210.json,3,1,0.3333333333333333
trace-554ea0ec49677de743bfa40dacf9b3b4.json,2,2,1.0
trace-558fa3bec13ad301a9e0c154260add1c.json,3,1,0.3333333333333333
trace-564c2cf64f7375c69e54c0d0ef969d89.json,2,1,0.5
trace-567d83911d6ae0ebab5f6a094074b906.json,24,18,0.75
trace-567e166398261b2313e4082a69d62688.json,5,2,0.4
trace-568c3559b56f0826fce3bc95e0545294.json,3,1,0.3333333333333333
trace-568de57fe3acd659d678cb580a618f2f.json,3,1,0.3333333333333333
trace-569c43295b5876acd08dea00dbd25a3c.json,5,4,0.8
trace-56aa4daa68dc00902c9e96ecbd367000.json,2,2,1.0
trace-56ad90275384636ea1a6c322549b2a1a.json,3,1,0.3333333333333333
trace-56d026c8aef0797565b370fdbc305212.json,3,1,0.3333333333333333
trace-571b0c70353648cf8ac488d946bead1e.json,3,2,0.6666666666666666
trace-57696ce4b8fc7be6669a26eea5b3d170.json,2,2,1.0
trace-577378f36448a907518838097da18c1d.json,5,1,0.2
trace-5799cbc94e688f706588e538b27454e0.json,3,1,0.3333333333333333
trace-57b0401c10adcbb00d84d782f059fdb0.json,3,1,0.3333333333333333
trace-57d0e9a6cad0bf76f792ca9afdd617eb.json,15,4,0.26666666666666666
trace-5807ec8ceff6966c2c2298844c3b7de4.json,3,1,0.3333333333333333
trace-58f21bac104e667799d2b5bae1a07fe9.json,3,1,0.3333333333333333
trace-58f976c503c71b766d951ee3f53cb601.json,3,1,0.3333333333333333
trace-593b8815786e25a425c74adb3adfe0bf.json,3,1,0.3333333333333333
trace-59ea4b264a698f3646f1a2c366140c1c.json,35,3,0.08571428571428572
trace-5a33a5362d5b984016808521e86b4981.json,2,1,0.5
trace-5a3c49347c8c36f81fbe10639498b747.json,2,2,1.0
trace-5a9a7ee54c47a7f73c060da275a33408.json,1272,1,0.0007861635220125787
trace-5b8ee3ae188b911732cb4529a1c41b12.json,3,1,0.3333333333333333
trace-5bfd12f1e545759ff0e9f61a58354688.json,2,1,0.5
trace-5c03c9b2b6ca1fb7bbf642a5327d8e38.json,11,1,0.09090909090909091
trace-5c779f9b4153e484b28416ba29e59087.json,3,1,0.3333333333333333
trace-5c80f6dfcb92d4d28fad15e4ba89f097.json,2,2,1.0
trace-5cb3c26d7b6d43370ca575c119f94864.json,5,3,0.6
trace-5cef088518eecb7dc4bc0a00f0c3199b.json,3,1,0.3333333333333333
trace-5deb03f5e350478fb1e6566e8b26cf09.json,5,1,0.2
trace-5dfc437f19271769f3433d38eb0fba85.json,2,2,1.0
trace-5e22cfa36502395adb0d7203b365f832.json,2,1,0.5
trace-5e8954940034c459e77337efa8480748.json,2,2,1.0
trace-5ee12f3de99fd96f39120b2fa532be5a.json,2,1,0.5
trace-5f46d6ccdd867fa7020bf5437bff1518.json,9,3,0.3333333333333333
trace-5fdc94c9fa3f83ad40f5b8742dbda4a6.json,2,1,0.5
trace-5fe086626f6a09b79a316ec441321ee0.json,5,4,0.8
trace-60086a62e244607513e9467f424e30b5.json,2,1,0.5
trace-61178c8cfa8079c2a3daf2ecce573413.json,9,1,0.1111111111111111
trace-613e38eada4f6bf6e4cec96d1e776bc0.json,9,4,0.4444444444444444
trace-614320d41615d60031facae8b099fbab.json,2,2,1.0
trace-61537375a125779d2f3d741b6ad7d105.json,5,1,0.2
trace-61950ebe6d6255d8abf1b2a709d9ea10.json,2,3,1.5
trace-627292084d29769a419631bf67bbbba2.json,3,1,0.3333333333333333
trace-62e87e57fdb5e8879ba1d52a80536033.json,3,1,0.3333333333333333
trace-63400168a4ff4a5658485e744f006b7e.json,9,3,0.3333333333333333
trace-63405155460a97b70036bdfd17ba296a.json,5,2,0.4
trace-6368982c60b30f5bebfaf3fac046d002.json,5,2,0.4
trace-63a2590bdc25f0f3dfe2e94256f423f2.json,234,113,0.4829059829059829
trace-63a628fe1e79cc3ef93c0a5435823c60.json,9,4,0.4444444444444444
trace-63c9724176155ccae03c123992edb359.json,3,1,0.3333333333333333
trace-642e8e6494bb1a3b974e19ebf87ae63c.json,3,1,0.3333333333333333
trace-644bdca8555bceb2091f2a6f8e2018d4.json,2,1,0.5
trace-6467b140f1347655222bf8d27f28ffed.json,2,1,0.5
trace-647e72e9801ffdf33739719cd8e54fc9.json,5,4,0.8
trace-64a7e034510efe7dcc2ffb9e1691d612.json,3,1,0.3333333333333333
trace-65a0ee1b70a89b1c99b17d71246b4398.json,986,15,0.015212981744421906
trace-65d5cf4d123c90d776f366cd8b495e49.json,3,1,0.3333333333333333
trace-66672f29dea9b1cb7040a04a28911fcd.json,2,2,1.0
trace-668019cd67c45d5a1adcdb1bc0f5d015.json,1,1,1.0
trace-67881b4424607122bd7ca1f48b826dac.json,30,11,0.36666666666666664
trace-67b5533114b091068b969b7df0ef9c24.json,5,5,1.0
trace-6816e93b5d649b81e5a47d69a0379ea0.json,3,1,0.3333333333333333
trace-682fb135d1802a2b96088e6d48305f45.json,2,1,0.5
trace-683745a2baef7f98650a62a6f1124491.json,16,2,0.125
trace-6863278b795261fc444dcb53eb5cfe3c.json,3,1,0.3333333333333333
trace-689073ce018cf0705ee777ca55bcc3a0.json,3,1,0.3333333333333333
trace-68d1179bb96d15e7692903b436b85b88.json,2,1,0.5
trace-694936c38cc360e6080eaf90c738cdb8.json,3,1,0.3333333333333333
trace-6959c01cecf42500b8e98a5f10206daa.json,9,1,0.1111111111111111
trace-695ae533d679d7989c8c55a9c14ebd9a.json,90,15,0.16666666666666666
trace-69843a3810ec4da72be0928796ab3dd2.json,334,309,0.9251497005988024
trace-69f03d86a0e8437f457897df49b32149.json,3,1,0.3333333333333333
trace-6a76e164ee7f816850893336716b817e.json,3,1,0.3333333333333333
trace-6a99b5c61f13976deeb0c6d646666a81.json,3,1,0.3333333333333333
trace-6ac31b3ece426340e426927ca68038f9.json,3,1,0.3333333333333333
trace-6ac9f28f6194bd1550dc4cd4399f4a61.json,2,2,1.0
trace-6b918a691ad76cb1bf55a0954284e0ee.json,5,2,0.4
trace-6c4ba0f15faa8626e702c0b2e47b91bf.json,13,3,0.23076923076923078
trace-6c74e7b76ea54366af289025a594c1fa.json,2,2,1.0
trace-6cc334c32a727d6f10a70bbfaa65db97.json,2,1,0.5
trace-6cdd8c0e285e290c94e89954f79cdc4e.json,6,1,0.16666666666666666
trace-6d3289825e051843be1582d91e1ccc91.json,5,1,0.2
trace-6dbba5316ae7e6f9ee486c6a7ef82366.json,3,1,0.3333333333333333
trace-6e7832c1e85560152c311d6ac0cbf176.json,2,2,1.0
trace-6e7fad048ae4ca52be34b30e811687ef.json,2,2,1.0
trace-6ebc2a595be6a7bd30b5b52348fdf656.json,9,3,0.3333333333333333
trace-6fa98cb969fff9461212c2cd15b08e1b.json,3,1,0.3333333333333333
trace-706cfd342b1ca6425845e8f079709b4c.json,234,125,0.5341880341880342
trace-707514a4ee026981b091ba21e23763c7.json,5,1,0.2
trace-70a780c62f0528ecd8a0aef6cdcc1e50.json,3,1,0.3333333333333333
trace-70b50ca20c818fb0cc7bd6ff8c5eb506.json,3,1,0.3333333333333333
trace-713bf6aa98b9c0ba5eee32a552b61ae0.json,3,1,0.3333333333333333
trace-714262db3fb82240dd01e8f75e23179c.json,11,1,0.09090909090909091
trace-71553b102a8829c3969686a26d3dd7e7.json,3,1,0.3333333333333333
trace-716e4b1631d5a3eeac0ae6628a70ffee.json,2,2,1.0
trace-71b4748ac027d3821f0700eb86ba64a8.json,2,2,1.0
trace-7217abfc3c6fb077b27eb354971ad81a.json,2,2,1.0
trace-72a188c3d84fd1d9ed9674b700c8635c.json,5,1,0.2
trace-72f9522e58d7f2e17e1d9edf2b51742c.json,5,4,0.8
trace-7306306dc1b5156494e5b014b6d2843f.json,3,1,0.3333333333333333
trace-7344225341dfdc28e354b0cf2613a581.json,3,1,0.3333333333333333
trace-7346a14c8c929657e1f8f4785c6be36c.json,2,1,0.5
trace-737d5d2d8bffeb3aac4bb6076581a51e.json,23,4,0.17391304347826086
trace-74311a0d9cf55883b2ad52d6f9fa1021.json,2,2,1.0
trace-74671ad05b290c93c7a28083d2bc4112.json,4,1,0.25
trace-74d9de4f960523a9422257a3b530f06b.json,2,1,0.5
trace-750021835ea8f93f6d6672a3573bdbd5.json,5,1,0.2
trace-757b3c7ab456087463c1da8348fde0e8.json,12,4,0.3333333333333333
trace-75c81d9cf03ac22c5992dc10f7a4a140.json,2,2,1.0
trace-75ca4e5942cf9f837060a6735d824c48.json,3,1,0.3333333333333333
trace-75f93ea3c1aa53c21031fdb0d3ac17f5.json,2,1,0.5
trace-7616dcd2880ca7fc87886b39cec32616.json,5,4,0.8
trace-767f40a58cc77a43fcf34b4b4ddc76cc.json,2,2,1.0
trace-768100274a8fde818b31f26845c4724d.json,2,2,1.0
trace-76a22cd818d6d9d22b5a2bb94f1c769a.json,2,1,0.5
trace-76afd0bf468aea76be0a07a90c9c4446.json,2,2,1.0
trace-776a2b314c39bbf6bd641c1ea02f217c.json,2,2,1.0
trace-776fd9dde88e7c6df1febb19bdb13b64.json,5,5,1.0
trace-77d40b1d1982ea94cdd4f750553b3cb5.json,1650,46,0.027878787878787878
trace-77da87716445ff05c310e2ae7c8b002c.json,2,1,0.5
trace-78a795f9a0bae5eb7bfc5aae5b90bcd7.json,25,3,0.12
trace-791436b07ffc7d93f76c3aef76a3a9f5.json,3,1,0.3333333333333333
trace-79158a09b0a0a57c14e9061d80f4fa38.json,5,3,0.6
trace-7973bd14d4a454a7eaf6eb5d1d0d62eb.json,3,1,0.3333333333333333
trace-79d2458ebe205ce854b72c7250ac7c27.json,3,1,0.3333333333333333
trace-7a081fa19f70d2c59984f79d6a78e123.json,2,1,0.5
trace-7a0afeadcd2603c1a8c231c5bd097d88.json,3,2,0.6666666666666666
trace-7a80dc06bd65b56441a79467ffac6034.json,3,1,0.3333333333333333
trace-7a932e89f5da6cee5130ad7ac8c66123.json,5,4,0.8
trace-7a9374291b3c23c6dfdbfdecf886e566.json,4,1,0.25
trace-7abd81cc2de1f17a7d1a84be80e62c26.json,2,1,0.5
trace-7b873b96e28bc8054fbde339337fb988.json,7,3,0.42857142857142855
trace-7bc7679480b7f491fe7885e4b91afba4.json,5,1,0.2
trace-7c05fe67ac4dfaf8365921d3d5ec5e1a.json,149,79,0.5302013422818792
trace-7c6558760fe89d597a2519d0f339d4ce.json,3,1,0.3333333333333333
trace-7c8fbff0c8ec1bcbfbc46a6fa16d0b1e.json,3,2,0.6666666666666666
trace-7cc0329413e840ca32622079681ae462.json,3,2,0.6666666666666666
trace-7ceba8227b678798d4cd2177184d8de2.json,2,2,1.0
trace-7d01bf1581f625ae25efed74f97d49a2.json,2,2,1.0
trace-7d971f141e26648ca1d9479d59d343f5.json,5,2,0.4
trace-7de32157db296d4adb16e60b4db327bd.json,2,1,0.5
trace-7e6d51d498f47b1f705bfd96dc315825.json,5,2,0.4
trace-7e923a132575211a1b0edd127feb98db.json,9,3,0.3333333333333333
trace-7eb3889cfd2ae372c02cc0a3f7f250a6.json,3,1,0.3333333333333333
trace-7ed882d8c78fec0121dc08ba1275c2b5.json,3,1,0.3333333333333333
trace-7efda2e6218530a0704dd86300e8f66a.json,3,1,0.3333333333333333
trace-7f6e47bef2e237372a9d768b21b8703a.json,2,1,0.5
trace-7f72feca9c292c922466356152e4fd19.json,3,1,0.3333333333333333
trace-7fa501d042e04b89f25ea435574b9c4a.json,3,1,0.3333333333333333
trace-801112133bfbf33113ecd76b89a68329.json,2,1,0.5
trace-802f779524eb2b493474f95594367a22.json,2,1,0.5
trace-8054b0aca32495207ed0b676f683bf2e.json,5,1,0.2
trace-808a442ead0dddfefbed1c7c8a59e641.json,3,1,0.3333333333333333
trace-80b9e7d7db7287f72698695999c3d3b3.json,3,1,0.3333333333333333
trace-815485174e5e2a109f0b470fabb9afa8.json,2,2,1.0
trace-81d8a825660dcf6b773b8b9175b6e2ac.json,5,3,0.6
trace-82212d43acf97db46ececcd1bf329f86.json,2,3,1.5
trace-82414521f84ac451ed68513e6f17fc4e.json,3,1,0.3333333333333333
trace-828ee470b92293ee5c2d77625016d8ba.json,2,1,0.5
trace-82e6a80e9baf5c871db3e72196e232a2.json,5,4,0.8
trace-82f48656d023ddb2245de3d1299810f8.json,2,1,0.5
trace-833d18b6937886e25ddd9344da750890.json,2,2,1.0
trace-834a1729d3ccda7f7659f63a7edb0c51.json,2,2,1.0
trace-842385f8b4330d09418d565081192ce2.json,2,2,1.0
trace-843deb7919e71f5192c5af27afe20e7d.json,4,1,0.25
trace-84658e2b7be8837554203dd0c439ff37.json,3,1,0.3333333333333333
trace-846e258b80746263d1872f2e78169c05.json,9,1,0.1111111111111111
trace-84ba7a61d791240e6b1c302517a559bc.json,5,1,0.2
trace-8534cbf00427f935f009562df729e368.json,2,1,0.5
trace-858a9052b3f18e1eab58fa1de1f9c2bc.json,5,2,0.4
trace-86454ccecbdb5711a6d29028784caaea.json,5,1,0.2
trace-866553cef5f719333ec00593c3a9d455.json,346,4,0.011560693641618497
trace-86af7e0014c42f7eab03d15b39397935.json,5,1,0.2
trace-870749c3dcb0a2e204e4a4ff4c02006f.json,3,1,0.3333333333333333
trace-8727c547e4ce5e26e0b7363adaa22778.json,2,1,0.5
trace-87ec45c98d15b2c895d7e2f9544ba80f.json,2,1,0.5
trace-87f276ca771f93dde2b421348df1f4a4.json,3,1,0.3333333333333333
trace-881019f9bc8de591d01f7fc63e5fcfce.json,3,1,0.3333333333333333
trace-883ba82a553dbcdb18f6f597de888b7c.json,2,3,1.5
trace-8919cf8b27d28be3a17ad048620b0cc4.json,3,1,0.3333333333333333
trace-8a54ea2cf6ed7f88b5ef0cc63c7d91ad.json,3,1,0.3333333333333333
trace-8a93a37b0a25711f6aa0cb45fc4c980f.json,5,2,0.4
trace-8ab342814eebb9050d3f3520a94afd53.json,12,24,2.0
trace-8ab529232eb0af6cf44076f09a3f4295.json,5,2,0.4
trace-8af137fb8dc088a83c7ffc0499ab7918.json,5,1,0.2
trace-8b13482d0bb6ea88d43167003ac44377.json,3,1,0.3333333333333333
trace-8b209f775a1c4c3ae61450ae9c855615.json,2,1,0.5
trace-8bbd4478dbff006c74c824083219fd83.json,2,1,0.5
trace-8c8d722837694a2cb1f3629cd94a74b2.json,3,4,1.3333333333333333
trace-8ca6cbbf0a1c2d51018e7761c69f8d98.json,3,1,0.3333333333333333
trace-8df7660e890c2b360560a249f941a464.json,3,1,0.3333333333333333
trace-8ec382694dec1d9940fae8c93a4095ac.json,2,2,1.0
trace-8eef9d12d7959750fb640d3ceef74016.json,3,2,0.6666666666666666
trace-8f9237883882c3427b684c9625ff284a.json,33,28,0.8484848484848485
trace-8f9b2120b241040ff14af75dbd949cdb.json,2,1,0.5
trace-8fc3f553714b42c50b78092ca3a9782d.json,3,1,0.3333333333333333
trace-8fc66097392a0432f7b3344856a5a98e.json,5,1,0.2
trace-908d346b2d78dbde1d70ad61bbd2ad96.json,5,5,1.0
trace-90a89681ca38d0049fa6602e4a66b843.json,2,1,0.5
trace-90a95195358e03ed52c6a06677e3c96e.json,3,1,0.3333333333333333
trace-91981ed9ed340387714c4f9acc959ad5.json,2,2,1.0
trace-91a6b9875322d9a0a18fa8c9ed0dfa1f.json,2,1,0.5
trace-91ae0ece77d1f91f51e91e6f01d1b668.json,3,1,0.3333333333333333
trace-92e75286fbc7c42f3603e864bbc707c0.json,2,2,1.0
trace-93124a91283f6bb595fd37def66f9274.json,42,30,0.7142857142857143
trace-9328b2ea2c084b094f9dd7ff5af3ae1a.json,1,1,1.0
trace-938a7f88e3342dbac3eeb8e16ff15df4.json,7,3,0.42857142857142855
trace-93c916e4a01fabbbfce486b7a6ada45a.json,3,1,0.3333333333333333
trace-93dcdf2473e9dfcff2a41ccfb4b33764.json,3,2,0.6666666666666666
trace-9499ffa0281167eefabda53d05b50a6e.json,3,2,0.6666666666666666
trace-94a57ecee3b2aa1920a8bd3c337a5ad4.json,5,2,0.4
trace-94ad283f30a6e8bef17f3ba17ca1261b.json,3,2,0.6666666666666666
trace-94b68574c2ec78f8ef4d8ede008b17e4.json,3,1,0.3333333333333333
trace-94dc2ad65233e6481afa822c555fb5d9.json,62,1,0.016129032258064516
trace-94e5263336639a758acd1ad285aa736e.json,14,6,0.42857142857142855
trace-950b4e6c306ab34d913213594997adb5.json,5,2,0.4
trace-953c6e55f3609fc1edf1e8b23598067b.json,5,2,0.4
trace-9568613368fdc5964319979b779b4739.json,5,1,0.2
trace-95b991a41791e623cbb9a4152cfad6c0.json,2,2,1.0
trace-95f2e58ada720ef99ad0326b4c4e43d5.json,2,3,1.5
trace-95fc95bd1cab031fbf9806b54c731fc7.json,3,1,0.3333333333333333
trace-9610476a66d06da25c2078f01bd762ca.json,2,1,0.5
trace-964f02b36eede6ca182f8109c66a45aa.json,2,2,1.0
trace-96b46ed091874012e2bed1d02fb30e02.json,5,1,0.2
trace-97cec519e8e4dc352da5f8e61c59b1cc.json,2,2,1.0
trace-98a7664bba6e323f3626bbb596732b9c.json,3,1,0.3333333333333333
trace-98df64b11d0bf20ee8df05d32e5ecd30.json,2,3,1.5
trace-998b281d3fa764b400626bc33ba3a666.json,3,2,0.6666666666666666
trace-99a37baba5c259efb47def261076cdbf.json,3,1,0.3333333333333333
trace-99d56f3b0cf997d88fb190687cd3209b.json,3,1,0.3333333333333333
trace-9a8b189d84a7ea55895e68d255d74649.json,3,2,0.6666666666666666
trace-9aa66879dc238d5c4f7ef1a2e90f2f1b.json,58,1,0.017241379310344827
trace-9aa984edf9061791c1e8bae5fed69112.json,3,1,0.3333333333333333
trace-9baacfcd5af704b79bdb9183b65ed1ae.json,5,1,0.2
trace-9c30b82ee8ca00d750f78209f7b9c501.json,3,1,0.3333333333333333
trace-9ca3b7af13638d7ce0e32c0b6e668598.json,5,2,0.4
trace-9caadbc48c39b26be91318fe19eb3841.json,5,3,0.6
trace-9cd241f2600b533033b45fea0ecf2bf7.json,2,1,0.5
trace-9d20efab0bf964943b7930903403b5f6.json,3,1,0.3333333333333333
trace-9d38e08a3bfb0446c49824d9aaed5d62.json,2,1,0.5
trace-9d75e1ebeb8656e0aef2d172e981f101.json,3,1,0.3333333333333333
trace-9e2262711a1c7045387128e64ade313e.json,2,1,0.5
trace-9e307c9fe30ff1884ed0965ee3caf549.json,2,1,0.5
trace-9e4b609b766ee8c751d61277fa622b13.json,2,1,0.5
trace-9e8a06a0cd9ecaa231cbfad07fd8548b.json,144,1,0.006944444444444444
trace-9ec5861c925846d1b6245a7b2728b787.json,2,1,0.5
trace-9f2c063a5cd5812ca6d993437af64a87.json,5,2,0.4
trace-9f48396bf74332f0cb1f28a57939bd0d.json,5,2,0.4
trace-9f52ab868e7b870e6c2987dba7a45542.json,9,3,0.3333333333333333
trace-9f752d0bfae7d400b229a44262bfe083.json,3,1,0.3333333333333333
trace-9f80300a7bef89939c4627aa696d7cd4.json,3,1,0.3333333333333333
trace-9fa79b996e7706cc6566e5f413785b9e.json,3,1,0.3333333333333333
trace-9fd0fdd5d0d675b104eff82a65d79344.json,3,1,0.3333333333333333
trace-a0001a8efe5764d3f03c9a710f47be36.json,2,1,0.5
trace-a1205b1b0df095f7f57bbb2e5f3ef289.json,7,1,0.14285714285714285
trace-a15f9993f66b586dbb137dd1d09e63cc.json,5,4,0.8
trace-a1bacc93390bc51c73ad2054d09bc19f.json,3,1,0.3333333333333333
trace-a20fdced7402711acc09dc18a8f48bce.json,24,12,0.5
trace-a21ba247c7b9dbcf622331e42cf741b5.json,5,1,0.2
trace-a223aa3eebe3d1864e2b8064abb467c1.json,3,1,0.3333333333333333
trace-a2adf557ed151fe3972e2c842a0c7e7a.json,3,1,0.3333333333333333
trace-a327efaa0381cb02ef766b841adee772.json,2,2,1.0
trace-a3770de8ea7ca4693e19d1402c7f7a31.json,3,1,0.3333333333333333
trace-a37b95883a21231f5d76c540d3cd9dfa.json,49,7,0.14285714285714285
trace-a386ba607aa9e4e08a464733b550ba27.json,3,1,0.3333333333333333
trace-a399420c0897967c8c2236075a9ecc90.json,5,1,0.2
trace-a39cc098f778e851aae8b552456ef3bd.json,5,4,0.8
trace-a3c8224b5fc5546aa9f8159fc59c7852.json,5,1,0.2
trace-a3e94a9f5f85b3be3444865b5873188d.json,3,1,0.3333333333333333
trace-a3fba26e6b3ffd2881a0c4dd2e11264c.json,7,4,0.5714285714285714
trace-a43e1cb1626827844acd65af8a50a069.json,3,1,0.3333333333333333
trace-a5489eb238173a0b7f4d891168c1a5fe.json,3,1,0.3333333333333333
trace-a626b801c8187573dd6795821b142966.json,2,2,1.0
trace-a6283171a403d8a454673db33b573686.json,2,2,1.0
trace-a72925c1f16cbaca0b0d34559100d56d.json,5,1,0.2
trace-a73e2eb9aa782f97f7f4047f088043e4.json,3,1,0.3333333333333333
trace-a7566335d47ae565eb09415b740c62b3.json,3,1,0.3333333333333333
trace-a76b14c64a2a89568e67bf99de7ce50e.json,3,1,0.3333333333333333
trace-a7c6cd8f3986b0eb9d8018d6f3ab87c3.json,2,1,0.5
trace-a8ba0760d14fff93ea817b90a4b4399d.json,2,2,1.0
trace-a8c20c34a131320f1ac2fa78e3bec817.json,3,1,0.3333333333333333
trace-a93b6623689f7d5eb653c51cdb82b1b5.json,5,2,0.4
trace-a985a7ba29f92d88652cc2f357020aa4.json,5,4,0.8
trace-a9aa39f3f36530a35fda73b7e6f10aaa.json,3,1,0.3333333333333333
trace-a9ef0c13ca98a15d713ba14a0ec17bab.json,2,2,1.0
trace-aa196dc8293050c967c994ec83eb7850.json,3,1,0.3333333333333333
trace-aa4387d8e859294b8990b16e6de47cd7.json,3,1,0.3333333333333333
trace-aa8bb38388a4a3cc7c118fd234d9c5bf.json,452,185,0.4092920353982301
trace-aaf0bb4444f7887094610a8091990e68.json,3,1,0.3333333333333333
trace-ab404ba9a6dcf28bb3c049e5d23d0152.json,3,1,0.3333333333333333
trace-ab4eb9e22429afdbdf9c3d3059808704.json,50,44,0.88
trace-ab4fab3f1fd9668c81ad4c4c7121f602.json,3,1,0.3333333333333333
trace-ab6c2b901fb7d6a60c148db0479f70ba.json,3,1,0.3333333333333333
trace-ab727cc13b1147c7a130b304d93992a0.json,5,1,0.2
trace-ac31a16e50ddd1cf474a34d48ef356d6.json,3,4,1.3333333333333333
trace-ac4023ea875c8db228b966603a9f0c7e.json,2,1,0.5
trace-ac57bf871a3a57a15ee6d7ce830d861f.json,2,1,0.5
trace-ad65a5b989dcf37d052c1060f486f22f.json,3,1,0.3333333333333333
trace-adbb52d44745e5681b405cf0dba96a8d.json,5,3,0.6
trace-ae41f10b1835f96e4130a9194a4fdc78.json,5,3,0.6
trace-ae79aa460b8b4a5f00aad0b6eb97b7f5.json,5,1,0.2
trace-af2f5600136f8eedbb0e7d71da06b0d5.json,2,1,0.5
trace-af4d40b343fc122df1b1291138657e50.json,2,1,0.5
trace-af5f0bb92c9792979db69478a59f97c3.json,2,1,0.5
trace-afc608e8743c1942c3da0c06237ec254.json,5,4,0.8
trace-b00e60dd1847fe19ce22b6468734ab5a.json,4,3,0.75
trace-b0b6328679f0f5ba8730efe528b50fdf.json,2,1,0.5
trace-b117966b0c715a6c0c6f1e03bde755dd.json,2,1,0.5
trace-b1c368fc8c16259652b91268684caaef.json,3,1,0.3333333333333333
trace-b21a8051a400c22a200ded6607fbf496.json,5,3,0.6
trace-b272431dfb206c3207eb1aa4b2a7d5a0.json,2,2,1.0
trace-b2ae3df6538fc4b64badfa2289401e7f.json,3,1,0.3333333333333333
trace-b2b4ad77758b8a7e11332c0ebda6cfc9.json,2,2,1.0
trace-b2bfed1273dd9c16578049a332da2500.json,2,1,0.5
trace-b2fb1299a1e4a25067bf873ef52d9a94.json,13,3,0.23076923076923078
trace-b36fbd9f78df7ffd3f4324377e2bca65.json,2,1,0.5
trace-b3ced684d1137ee97eb9d355e5800ee9.json,52,14,0.2692307692307692
trace-b45526f23888fbda5b9a8644b657ef8e.json,355,278,0.7830985915492957
trace-b4ae600b1adba42af6086b7799a72f75.json,5,3,0.6
trace-b4bc3e7030f04f3cc135cc8057d275f7.json,3,1,0.3333333333333333
trace-b4dae48c5face7224019527c4260d282.json,5,1,0.2
trace-b55a805e1d08f5016462cfea93ac1e3f.json,3,1,0.3333333333333333
trace-b5e51fbe740eea30fa8cff4063f254c2.json,3,1,0.3333333333333333
trace-b5e5517dddcbdc4b2f78b2505e680d56.json,8,6,0.75
trace-b5e5be27635b02b78467f1f0f2209bf9.json,5,1,0.2
trace-b638b25a487505a7b2823c0bef616f10.json,3,1,0.3333333333333333
trace-b7bb10242aa0a1403d3b6194ebc04f62.json,10,1,0.1
trace-b7d888fc4a9d90852b7f08d8394819e3.json,5,1,0.2
trace-b7daba8932803331fecfd1401a83b770.json,5,3,0.6
trace-b80ec84ff7fb46e8707d5966943347b6.json,3,1,0.3333333333333333
trace-b8200694ee49eacb8d96896cfcd886d2.json,3,3,1.0
trace-b861108f4a2b8421a5184bfd113bfa1e.json,2,1,0.5
trace-b8e56b82c15cd8d7dce533407b01c2ca.json,2,1,0.5
trace-b8f7ae430bf6a359ca1c40408a2e993e.json,5,3,0.6
trace-b97c2a76a0407b86ceab5531ac9cd9b3.json,11,3,0.2727272727272727
trace-b996af70ec060021e025d1efbbb50362.json,3,1,0.3333333333333333
trace-b9a4d77b71f76774192bd3d9eb788344.json,3,2,0.6666666666666666
trace-bad1651b1dcd0bfb52eb8fce8d161794.json,13,1,0.07692307692307693
trace-bb341498fc38f403ee6f415956ca4822.json,2,2,1.0
trace-bbb20157a15dab169752e1f6b3d76af9.json,3,1,0.3333333333333333
trace-bbd734817ea80fd346f0445ccc2b5186.json,5,1,0.2
trace-bbde645a4ae202fda342599a3573caf6.json,3,1,0.3333333333333333
trace-bbeb369dadc7e1e3b2e9855bb610e6a7.json,5,2,0.4
trace-bc9e0bad4d82ce261562a697112ff551.json,3,1,0.3333333333333333
trace-bd01597f3b7c79d78f47b019ead60087.json,3,1,0.3333333333333333
trace-bd65ba8eb596eef903ae5a5d7d5095cc.json,5,2,0.4
trace-be2fbace258088e20e72478630c2aea6.json,9,1,0.1111111111111111
trace-be4f16fd7c64772ec85d5f83e9001234.json,5,1,0.2
trace-be5c2da93fbd984ead557f6d12768f01.json,2,1,0.5
trace-bef2ce9ed2518d1c80765490a16f376d.json,1,1,1.0
trace-befd87dc8115eeb33351632fc30a58b9.json,3,1,0.3333333333333333
trace-bf38a58c36dd6f08077b078f15ebfb22.json,2,2,1.0
trace-bf9d5163f49b01568ed6525a03e86bf6.json,2,1,0.5
trace-bfc15da2676c44f47e4c4152b350f617.json,5,3,0.6
trace-c00e8b8dd17468e5e90787a756e23ce5.json,5,3,0.6
trace-c0c1309935f77ebf73bdd72af4bdfd6f.json,7,1,0.14285714285714285
trace-c0cdb15bc2daa6bb977b0fd389fdf436.json,5,1,0.2
trace-c1951397b95a84a87e9c1d4d816b4b9a.json,7,1,0.14285714285714285
trace-c2426ae505e44f21b7202c52fcceff44.json,3,1,0.3333333333333333
trace-c2ee1d75d0fb3a5ab02596c95bcac8ed.json,7,1,0.14285714285714285
trace-c315b499fc55e11e85e84435dc69aecb.json,121,4,0.03305785123966942
trace-c319a876bbe7d632470d270ff3ddcfec.json,2,1,0.5
trace-c3647b737986bb3957e0f77da3771588.json,104,1,0.009615384615384616
trace-c3b333450c30292b08487fc882be3969.json,2,2,1.0
trace-c3e7c5e1e83bcbd9fa3df735dd4d13c8.json,5,1,0.2
trace-c41c76e45586eee46c0426a3e91c23af.json,1341,25,0.018642803877703208
trace-c4552f818a8d3ad4b3c166170c5ebb82.json,12,12,1.0
trace-c4bbdd0dfe973ac1d2ec964269d501c7.json,2,1,0.5
trace-c55d1351b5c4f3478cc96dbb6381d269.json,2,1,0.5
trace-c61d19948376390c2986e7023de091e2.json,1,1,1.0
trace-c87e45f2f0ab41534465a40c2c7d5557.json,3,1,0.3333333333333333
trace-c8849f5fe833262679106b754e242ce4.json,3,1,0.3333333333333333
trace-c8e6010c59b9107e9cd8918b58d2bab0.json,5,1,0.2
trace-c9913384c04d2029bbdf7c7b00fd3579.json,3,1,0.3333333333333333
trace-c9e647bd1700301d09a2f9dbd30db186.json,3,1,0.3333333333333333
trace-ca0b1ea47f050566d4772db8912c7722.json,2,2,1.0
trace-ca11f3af2eb317927259e3e0a095eb99.json,5,1,0.2
trace-cb1b5130b1672cb1fde639fe0ab6fa95.json,2,2,1.0
trace-cb1eed9a0c07b56370d8401370532225.json,106,4,0.03773584905660377
trace-cb37732784605a3739102d3eae3cecee.json,124,2,0.016129032258064516
trace-cb3acf3ba59abdac0213d2fd4975433c.json,2,2,1.0
trace-cb3d22573e000bdd63a25f6f22042d1c.json,5,1,0.2
trace-cb4a461b7ae218555eb3976ec75c327b.json,260,28,0.1076923076923077
trace-cb88bcfb2cb584dde13470722699dce5.json,15,1,0.06666666666666667
trace-cc3bd8e9735675578863423d544002b0.json,3,1,0.3333333333333333
trace-cc53d184cfb0f884083b310731ba1a9c.json,5,4,0.8
trace-cc895ff96830d11d23e991cc3573e3c7.json,3,1,0.3333333333333333
trace-cd9da7b6f2afa05b7ef32ac56d8cf996.json,3,2,0.6666666666666666
trace-cda0c3d0a4794ba0cd15e9f6f482c0c3.json,5,3,0.6
trace-cdc76e000099771707b857e3e290bd61.json,2,3,1.5
trace-cdd5803d5549a5c24a5e496c6597ceec.json,5,2,0.4
trace-cde7fc15a6ec3989e5126582f42a7e56.json,3,1,0.3333333333333333
trace-cdfae09636bee560915da38d3b5c2971.json,3,2,0.6666666666666666
trace-ce132b4b84e877154ccd50be76b96cc8.json,32,1,0.03125
trace-cf4169edfca66cd40384224ee8dd355b.json,3,1,0.3333333333333333
trace-cfa49fcd703284bf1c58ad44763ce544.json,3,1,0.3333333333333333
trace-d00e013ee31fb21c596ea04615ff3575.json,3,1,0.3333333333333333
trace-d05ba33b6eda9c0017c1542b98f09a35.json,2,1,0.5
trace-d07b6960e3921d85cddbe7abaf7199fc.json,2,1,0.5
trace-d0d17d0ab462a35c5130b2afac2b6b73.json,3,1,0.3333333333333333
trace-d0d1e20bdf7aa587f88b7e331fa042b4.json,5,3,0.6
trace-d13667e8e393c6e824da6894abd66ffd.json,2,1,0.5
trace-d1495988bb29d5fe620ada281a79a66c.json,2,1,0.5
trace-d24cd948148cb044e5142ee386344916.json,38,1,0.02631578947368421
trace-d2bdb6abed05edc40ab22881421ac873.json,2,2,1.0
trace-d337d79cf38a440eea9c12450ae7a8dc.json,3,1,0.3333333333333333
trace-d34ad8dcb09ad0614f4e11f1f5fd3331.json,24,6,0.25
trace-d36868e251859c5850828496f577d410.json,47,7,0.14893617021276595
trace-d39b00b6862d415ecd8d1e7c4a2604d7.json,2,2,1.0
trace-d43da3ba69042a4debad3afbd7a0e707.json,16,8,0.5
trace-d44f2470ddf284c62011482492239035.json,5,3,0.6
trace-d4f23e117269655de8adaef63f863ef6.json,6,3,0.5
trace-d4ff1453e8ac60c8722721035ff80601.json,3,1,0.3333333333333333
trace-d5801f2c7ce1733032422cdac25fae2a.json,23,14,0.6086956521739131
trace-d5a31495ca865f19fce1dd6bdc30c321.json,60,11,0.18333333333333332
trace-d6a3b91dcaec32291463c4d70a276a0b.json,65,7,0.1076923076923077
trace-d6eaf4ee61f01ff116d311b5d6a8ad8c.json,2,1,0.5
trace-d77c635672b1084eacb81d9d863c3be8.json,3,1,0.3333333333333333
trace-d7ba5d5f8c12545f4a2850c5b5b5357a.json,5,1,0.2
trace-d82d5df5adf0781914def4f6fcb93853.json,3,1,0.3333333333333333
trace-d8802e36a214ae3fe78b027f5a83f313.json,5,1,0.2
trace-d8d21b49d4f991d41e9a9fb3c632a715.json,5,2,0.4
trace-d8f60a5c609033f751fb70b56fc7c669.json,3,1,0.3333333333333333
trace-d91d16103484a575a0fa1dd961ebdd8f.json,3,1,0.3333333333333333
trace-d9c22b69c0f89dbab7331aff0df1e7a4.json,11,1,0.09090909090909091
trace-d9cbf0d3c3eb4f224250640a21d4f2b8.json,3,1,0.3333333333333333
trace-da67ad6ab0e7168f4e49a06e62decdd2.json,3,1,0.3333333333333333
trace-db54e935c2094b704950ec55b83b6767.json,2,2,1.0
trace-dcdd5700b6aa33790809094dd9b28261.json,3,1,0.3333333333333333
trace-dd52e8b6aaa011bed425d06becd534c2.json,2,1,0.5
trace-dd769156709e351929e13a879e6e9479.json,3,1,0.3333333333333333
trace-de6d4fb56a88b7c22a0ed38d04798704.json,3,1,0.3333333333333333
trace-de7b8e1799c97d1bb681dece0a4c15a9.json,3,1,0.3333333333333333
trace-ded6a08ebfad6c236cb4a1a1ade55b80.json,2,1,0.5
trace-deeec90f7fc38818887988610b915386.json,2,2,1.0
trace-df274adf2b8e840bedc546f322feb591.json,2,1,0.5
trace-dfb50edc66d975e8344831640d89964a.json,4,1,0.25
trace-dfdc7e749cf58e204b1312aea50513f6.json,3,1,0.3333333333333333
trace-e018dc47174b7c0aa81748c4729980ca.json,3,1,0.3333333333333333
trace-e02186cf0f550eaf4ada5dc15209c983.json,5,1,0.2
trace-e045bfcaf1a5dbc0852ca29f36ff637b.json,2,2,1.0
trace-e086276e2947653712902ed4b688ba33.json,3,1,0.3333333333333333
trace-e0fbcea7e8c0516e5e8c31a295b17846.json,3,1,0.3333333333333333
trace-e13e5508626b548e2780b95ae3669139.json,2,2,1.0
trace-e1dacef6c77937edd4d7337b8260abc9.json,18,19,1.0555555555555556
trace-e28966cc55a65d93d636befd0b81721d.json,3,1,0.3333333333333333
trace-e2b255ce756a149dc7aaaa0d21372d43.json,3,4,1.3333333333333333
trace-e2c3e45a63e2573cff6bb0eb4e62435d.json,2,1,0.5
trace-e35a2bbb0b8d4fa98e202cc81b025a21.json,5,4,0.8
trace-e39a6943f7192d2d4094353cf2f2b4d1.json,5,2,0.4
trace-e3a44ee6574a7fdff38555b14146c60c.json,3,1,0.3333333333333333
trace-e3b428badc1308fdc3d5720ae6db5593.json,11,1,0.09090909090909091
trace-e428e9b915cf373a4a78b1a7663495c4.json,2,1,0.5
trace-e4596cf6dd82f3eee76d3b17032fc816.json,17,10,0.5882352941176471
trace-e4bed387d2a37d25ddbcb54a20080530.json,30,3,0.1
trace-e4e91429189eafc4e1798361c5bb8cc2.json,23,20,0.8695652173913043
trace-e520b03093a467b9d789b5d9ec8425ee.json,3,1,0.3333333333333333
trace-e5303286566257016b30dd5a04c6e2d8.json,5,4,0.8
trace-e5959811b8cb4ffaa5c30c089e4fa0f7.json,3,1,0.3333333333333333
trace-e5a5676c4c4e9cdb11781575d1b64386.json,6,4,0.6666666666666666
trace-e5ac801d370060adc4981f4d24268f0d.json,3,1,0.3333333333333333
trace-e5dc2d880d2300c947d272500bfa6950.json,1060,73,0.06886792452830189
trace-e61e74bc59d9c5f54b9a1337011e85e1.json,3,1,0.3333333333333333
trace-e6322da80ee186425d56d9b94cf46314.json,3,1,0.3333333333333333
trace-e699be4b80aad2a65678b01bc4ae8e3d.json,5,2,0.4
trace-e7144844ba6ee76d7ea7b144d9d4a5e6.json,5,2,0.4
trace-e7585b147debea8d4df0bb34881c9313.json,2,3,1.5
trace-e78e5ba04cc949ee18fe6695ef95cd84.json,3,1,0.3333333333333333
trace-e7b81e5824e96c7c7958f228794066e0.json,5,4,0.8
trace-e7ce5fddbaa3a99c2d8188dded30e513.json,3,1,0.3333333333333333
trace-e845f90f40edbab14c33a1f1d784fcc3.json,3,1,0.3333333333333333
trace-e896015a4d3132d94f33f2e1bdcd89a6.json,3,1,0.3333333333333333
trace-e8a334f88d322a5218ea5a58acc77752.json,33,44,1.3333333333333333
trace-e8c32b95aeb46d61a937c656e5a4fe7e.json,3,1,0.3333333333333333
trace-e93b38c65790e3d20e1b5fd6cd3f6902.json,3,1,0.3333333333333333
trace-e9405959f33e7b5ebce96309719ce365.json,8,1,0.125
trace-e9c71f7e2bddff06adfd8b1a91991e09.json,3,1,0.3333333333333333
trace-e9d15c7af829ae0fefbf1fd404844819.json,3,1,0.3333333333333333
trace-e9f64a8d77aef7d757e07b9d9e6ee990.json,5,1,0.2
trace-ea56daf053b7232ab3e420882e5fadde.json,2,2,1.0
trace-eb53b7f490a7d59c203e77741c01ead4.json,2,2,1.0
trace-ebc36524898839dd8137bddc3027df2e.json,5,1,0.2
trace-ebdcd2d29a7a71e07dbc994464658a4b.json,5,1,0.2
trace-ecaaa3b612f6f7693ab08dc9f60748ce.json,3,2,0.6666666666666666
trace-ecc81d6e9d33d600baf9442db98adc30.json,5,4,0.8
trace-ed2fd2f328197718bb194b695c6d5620.json,2,2,1.0
trace-ed6b5ced432faf77d08b2e85064417a5.json,7,1,0.14285714285714285
trace-ed9cd4666def9460295963b250cd2f14.json,3,2,0.6666666666666666
trace-ed9fa40e5f31cd58da0f001236c3c0ac.json,9,18,2.0
trace-edf960783aecef08b2fb91b86f625c53.json,3,1,0.3333333333333333
trace-ee056ad6c3e5735e5fd09c2c83b9efef.json,2,1,0.5
trace-ee0ce247cb5dffd0f6557027cc182fb3.json,5,1,0.2
trace-ee1469d3f0c3b170c5dd04fc420d7646.json,2,1,0.5
trace-ee8851ec1ab88efd73fcbc12d42b73e8.json,5,3,0.6
trace-eeb13f215eaebb6f705efa441268ae95.json,6,3,0.5
trace-ef9132f0854d8e03ad5911d4c8958659.json,5,1,0.2
trace-efac5c44bde829f02165f1b44770794d.json,2,2,1.0
trace-efc3588dfd4d956961752ff130736023.json,2,2,1.0
trace-eff0c3af35116cdd1641784cb0eb0b7c.json,3,1,0.3333333333333333
trace-effa3d37502f3d35e0d7c0a6a43d817c.json,3,1,0.3333333333333333
trace-f048b46d91492a6630ef8bb7d15d5ad2.json,5,1,0.2
trace-f0b51d16285214f257a93a355179b43b.json,2,1,0.5
trace-f0ee8504c053ccbba26d6dd9948a696e.json,6,3,0.5
trace-f1078d17d9c36b911beeb5a1b9432bb7.json,5,4,0.8
trace-f1354a527273ea2cd1a43b8357ee6015.json,5,4,0.8
trace-f14be9e97b09f72b6db8be6de1e815cd.json,5,3,0.6
trace-f1ab6a89421c7bf0328d59de05d1c6b4.json,3,1,0.3333333333333333
trace-f20f40436bedf8f51513701df28425e2.json,3,3,1.0
trace-f217ca41e07cd90a185da7a469ab4a20.json,5,1,0.2
trace-f3018dee8ec814caae05f160eab0b447.json,2,1,0.5
trace-f39f5120733f6ae859d2c73abb111378.json,2,1,0.5
trace-f3b9327ef1ca3220b12f68331e65f8fc.json,3,1,0.3333333333333333
trace-f4e1d98ce0a5fae404c7479a58bf526c.json,2,1,0.5
trace-f4fa2716d1b7fe4fb786e6977168d8c2.json,5,1,0.2
trace-f556fe9504eb770092a613cc6c856974.json,2,2,1.0
trace-f5cd87ef029e73c84ceb933592f6d190.json,5,1,0.2
trace-f63547deb0df6579394116f998710798.json,15,21,1.4
trace-f6730ccfe7d4bde6e0fd65a68d16ccf8.json,2,2,1.0
trace-f6c11068defa1ab886ff2fdc52479349.json,3,1,0.3333333333333333
trace-f6e8d81a4fb6798bce0fc279688fcbb9.json,3,1,0.3333333333333333
trace-f73c83952e011eb08c474567cbc3d622.json,3,1,0.3333333333333333
trace-f77915e45b8483ca4bff304c5d0c9d75.json,2,2,1.0
trace-f7d50d0b2c4105f9fba86abd732e681f.json,5,2,0.4
trace-f7e738b66cce95426b1365786b5437a2.json,107,1,0.009345794392523364
trace-f7f6234347576be852f2a05b09a182ab.json,68,10,0.14705882352941177
trace-f7f938ffc21e6a1751c463cee608eb18.json,5,1,0.2
trace-f814978d956d876be5cc79f46bba19f1.json,5,1,0.2
trace-f8c6b6fd0799deb60966bee85f4074b4.json,2,1,0.5
trace-f9716548156f55ec098ecf30ae8beecb.json,2,2,1.0
trace-f9f9590d7106fe01d490124e82d087fd.json,2,3,1.5
trace-fa24c3c4ab777d4d85e129cab437bcdd.json,3,1,0.3333333333333333
trace-fa603587d88294741e229e58bce2fd24.json,5,3,0.6
trace-fa8ed84721de91e72603c90f7be4a788.json,3,1,0.3333333333333333
trace-fadceb906a6544cf92748fab26c741fd.json,3,0,0.0
trace-faeb470403e580db203f62cb8bc7251f.json,9,3,0.3333333333333333
trace-faf59cd7cf67c3443d4a75e2a25fe318.json,2,2,1.0
trace-fb452f709bacc68db86ec507b5222634.json,3,1,0.3333333333333333
trace-fbdc927519c3a2b9fc751819e0bdf4bd.json,2,1,0.5
trace-fccd636d0e512749fc1c64214f431e95.json,3,1,0.3333333333333333
trace-fcd9d068818778c38d18b723e2af230a.json,3,1,0.3333333333333333
trace-fd20a9b23a51f578ad7f4c798ff60f3b.json,6,1,0.16666666666666666
trace-fde3e058611f97d79e9d9410e04fd642.json,3,1,0.3333333333333333
trace-fe02d0af3f57e7bf4944add1040e405e.json,15,4,0.26666666666666666
trace-fe590ad1a0d634896c56218681a518d9.json,3,1,0.3333333333333333
trace-feff8137f97aa2e21e6c4c5b19cc6154.json,2,1,0.5
trace-ff0f7637b755e148cc533e409ba70258.json,4,1,0.25
trace-ff12a90fd30b53be694f9491fb31c945.json,3,1,0.3333333333333333
trace-ff1abffe16703ecb70ecac1eace962d9.json,3,1,0.3333333333333333
trace-ff223bc53d2e74596280f5e0387ae21d.json,2,1,0.5
trace-ff8448b06933226de0003dc72c6d35e6.json,1,2,2.0
trace-ffb7b5cd87413e4d51c2156ab6e8a31a.json,2,2,1.0
trace-fff54abbe24aa540b59ed0537a5aaa54.json,3,1,0.3333333333333333
~trace-0785a1e2287ec3fb47b23b55e67f8695.json,7,1,0.14285714285714285
~trace-0c19072a66a94fe548636d7b50a06bef.json,5,1,0.2
~trace-27076f234d130bcbda8aad6204e282a1.json,5,1,0.2
~trace-6406c69887da6cc7b366859f370678bf.json,2,2,1.0
~trace-6420bb8769ff6aaa67951297a308d6e6.json,5,1,0.2
~trace-6f76450bbbc1426458199f7dc9a65b6e.json,5,1,0.2
~trace-79aa3cba5ede86046d70eed6a9cace9f.json,5,1,0.2
~trace-7a2690f8523ec76fd6aa4c9692cace99.json,4,1,0.25
~trace-a0d22d7410f805bbdd4992479294150d.json,11,4,0.36363636363636365
~trace-ab1a9cf18eaf7aad0ac26a01a23e73ab.json,7,1,0.14285714285714285
~trace-b101c6cca0439f6d38d688e3473868eb.json,128,252,1.96875
~trace-cf6b3234267ef3fe31970498149dfc3e.json,6,1,0.16666666666666666
~trace-d5b6e6ecbbaeaae15a383d144535ffa6.json,4,1,0.25
~trace-fb1aa5afadc1afb437734a3918216c45.json,4,1,0.25
